Latitude,Longitude,Band_2,Band_3,Band_4,Band_8,NDVI,Soil_Moisture,Land_Temperature,Rainfall,Elevation,Magnetic_Anomaly,Rock_Density,Geological_Score,Reserve_Tonnes,Manganese_Potential
20.374540118847364,79.69816171401975,0.1055398786515859,0.2316786247976763,0.1546822734943624,0.5137594610531515,0.5708920959462287,27.191172935627378,34.29989695708982,157.8388360114694,366.4995361525931,51.874784711470944,2.777908344893387,0.20117523228887946,60293.4569666322,Medium
20.950714306409917,79.53609636634413,0.21257028421350743,0.21771365717040586,0.14879151962879994,0.48226389732735886,0.6576769780339606,58.15841874117578,40.135808232499656,138.1528066995201,410.38961265626176,5.116550644547591,2.2068636345261994,0.0800634025289656,34239.02680651616,Low
20.731993941811407,79.30952761628633,0.31188375076292246,0.05897472303225249,0.4125018322084147,0.3867644757277866,0.27532752915474934,69.83427399421616,39.00402324475398,86.28244097069178,620.0010662611992,23.285855687609423,3.046873476025778,0.4744531798445233,53383.193543270645,Medium
20.59865848419704,79.81379501970694,0.26966746592286833,0.16943673966915473,0.14981847993980246,0.5780235718059665,0.5374118697248993,11.801560319763569,23.84749761734434,21.486802291633428,337.0024123329407,49.20017294320827,2.73573948688309,0.009969234734518495,41566.86213696208,Low
20.156018640442436,79.68473117255388,0.2919683443584349,0.18306846657505,0.1587798904514524,0.2002372577642014,0.5002221882006241,63.84195194745592,23.731236743536847,134.1350210371872,628.3073266466943,31.023528374470477,2.188644660268345,0.08476615442633317,29147.06367191783,Low
20.155994520336204,79.16261693934489,0.2476350100132152,0.1895879733139152,0.3537593049671855,0.1546321051548107,0.6829812637517898,47.357832015919485,26.704359193622835,85.6939773693159,198.47393703718032,18.176359776119423,3.154805668977448,0.8076258695629751,55900.757775895014,Medium
20.0580836121682,79.91092718449384,0.25768296935535573,0.25306032922956634,0.229895936980216,0.526980983477711,0.7342609423368824,68.40295714988926,29.02686815852593,188.95990916342308,577.2391404647469,50.41328419184383,2.622038556002385,0.7714733448596064,80390.43858159205,High
20.866176145774936,79.82253724292318,0.3047586954695958,0.23676089135440748,0.3606842227820725,0.3195749083168742,0.10850974003417077,37.90057105158566,30.211389535212064,25.507641012211202,616.151198180105,32.28097934478503,2.087478142245986,0.915138820404896,65527.0501332322,High
20.601115011743207,79.94979991329193,0.12490040265775579,0.26276678247770563,0.0761464630257541,0.5234844271035303,0.5718139433411549,60.84327583428242,36.99243042083363,154.5103966003319,249.9997090605363,25.810764317341473,2.752199485298081,0.8545154359107495,54291.22746750399,Medium
20.708072577796045,79.72571950838837,0.19682748909294212,0.3177091415397449,0.24502847746935374,0.5465451025977075,0.13628505938381033,13.743644115896634,21.417010804145885,236.53907462639503,386.69059280471026,46.39854174403808,2.3038386884153725,0.6831755632398181,65579.221647334,Medium
20.020584494295804,79.61341519593579,0.11636283254588067,0.33454500855063274,0.06344544007331306,0.13122879680953572,0.4842010655541492,30.116743004697742,20.86681760565166,60.114131435644886,241.02487606501057,13.328425808217315,2.964432142252763,0.05233285730066284,33885.18760686594,Low
20.969909852161994,79.41824303629062,0.34630040239899407,0.30134307667927307,0.07506128138214181,0.5417323814930304,0.30134291033057475,14.020992265072598,29.797764073597726,128.47938287263693,538.6322709468197,92.77457330754073,2.981386488279429,0.7828486179866575,66908.632470295,High
20.832442640800423,79.93272848335401,0.33321780190598393,0.3844332935842272,0.4125749813377644,0.3241595276847111,0.3147436196654989,68.52058800874423,37.42909230344951,41.02705811794178,444.4412724339112,86.7702097919239,3.1747368270255945,0.8455108108405605,70804.68668263468,High
20.212339110678275,79.86606388950041,0.06182804341055177,0.056381403936726575,0.10569814844703807,0.3552162445021161,0.34707095241664965,59.0184344363102,24.835883573912064,163.9068398201111,499.42784068957656,70.76205857405353,2.6022434372294043,0.7990821457719545,61814.25668469396,Medium
20.1818249672071,79.0452186701062,0.26167255175470655,0.11852229498924115,0.26296827291008684,0.4132962555466051,0.5349047143347271,61.15284527475823,36.0376120314063,146.62228653713188,258.06783182591613,10.621382758845622,2.5459482556732844,0.5084790353080261,46082.33079431933,Medium
20.183404509853435,79.02636697449725,0.3275744952246997,0.05264700624234975,0.21443824104028264,0.5631913033650434,0.3338349759681385,66.27791388603364,26.495703448507488,113.69407056895143,266.46022412883076,77.5877254469693,2.904170726535777,0.23290183864948166,54348.66431771558,Medium
20.30424224295954,79.37646336687806,0.10417260353820007,0.2766161499541111,0.18893733050353706,0.10955804721488202,0.6128893354131963,15.10620916718712,42.15215272033791,139.91671493896047,172.8235290304485,80.7957328109019,2.1589647876103117,0.8453299756887267,68948.31128155593,High
20.524756431632238,79.81055333078183,0.22038356916578883,0.36431069213249545,0.409933338274909,0.3384217341589085,0.3831691699017088,33.1358555508,42.39224860666541,226.21217144787235,327.1371443576513,76.77646177143377,2.6562986165517493,0.7271628097401385,70152.64696525907,High
20.431945018642114,79.98727612931495,0.32464648927641254,0.13521880380170476,0.0587293587101958,0.44386102121528037,0.14784724021697104,14.262093342640128,27.43218010703316,65.14768953154541,457.8595637335212,11.396588711924116,2.655497120157021,0.9807611743888516,53800.46948128512,Medium
20.29122914019804,79.15041689110353,0.06018379357573966,0.37446209067870734,0.31551587447023566,0.46135347884911426,0.6486318897388751,22.647586093001717,25.749843849081014,25.189837692229865,621.8642026985308,64.39079570677647,2.107367747372465,0.15569259775593292,60049.462974399736,Medium
20.61185289472238,79.59413071535214,0.25922608017405196,0.0710935866013463,0.43535777368542017,0.44626621576855396,0.3000308272148942,23.76194662226034,30.282599301655782,218.18292348079322,516.8100961022744,83.43247957493986,2.5015809026082962,0.22566458305205506,64032.30610266092,Medium
20.139493860652042,79.38089085663103,0.13920470221176523,0.37705260938193,0.2740672733847368,0.16721756470406093,0.4029368157194839,38.14643266285472,26.013289629503717,152.73692894921848,389.46797786986326,57.73534012196677,3.0239417582806425,0.2117981498815027,36747.86702451227,Medium
20.292144648535217,79.9699143978146,0.3273188586129591,0.17306794053387206,0.42472898481323673,0.24969779418584062,0.5798107182553311,26.113730047218557,36.809596082292586,224.85144475622374,674.2160629167757,64.6407375228089,3.0273843463935926,0.7925397676213367,69938.32414975637,High
20.366361843293692,79.84211892313571,0.3413174735496103,0.08549728995722579,0.07090315171440952,0.27935776270850676,0.33271931000409843,16.058686409065665,40.65161711370714,157.2974013850297,545.5848603167076,45.83634794263062,2.119085197903617,0.18690729645011817,45313.19798446678,Medium
20.456069984217034,79.83832870471113,0.33327994673403016,0.22005511571521397,0.21751732762966458,0.5022186038397525,0.13960995930270095,20.04946534564646,36.827303272780426,206.33705069073156,661.5908615744024,52.87073198840526,2.108865059297397,0.0666598298233061,59101.268938696754,Medium
20.785175961393012,79.46869315979497,0.19226426499723914,0.1398717987021778,0.15406311638482045,0.23937993620727652,0.3617447329089696,18.836533813125456,40.60876118123374,118.82487357168402,440.1733852996911,3.4376858351725215,2.315234572402322,0.9985608065856286,68154.04989225717,Medium
20.19967378215836,79.41481950233766,0.30861279529679403,0.149705515686673,0.34232838599229193,0.2053524819336016,0.7611140078860125,68.3846078747379,29.924804055186854,192.4677841963018,292.3973511362268,63.89630219732846,3.0497192750647923,0.024817211445149145,57893.632322502715,Medium
20.514234438413613,79.2734070719307,0.3033648195605211,0.1575514877242003,0.4425188361988987,0.5787240095190481,0.5492140781089908,55.557550415108416,23.907924267721523,229.99953738466687,179.0546775005971,8.14472128911592,2.1546831020881987,0.8352440601588657,64575.29597251856,High
20.592414568862043,79.05637549665093,0.14573014197297668,0.3310590642414322,0.15261202497769913,0.10443164255673446,0.5700354040670449,68.06568791617372,38.44877368493981,151.58828165610745,549.3466683161178,43.50145943402234,2.863996163152936,0.3653668415506528,39695.68365611143,Low
20.04645041272,79.86472237625506,0.2986746422452032,0.23870644683633907,0.31166984058962977,0.5989104278409891,0.542597507546348,36.38442919047451,29.011862628538847,61.58058462934729,216.71664890304376,29.265509766740784,2.1213987435357238,0.8416154597578153,58899.845870297606,Medium
20.607544851901437,79.81290100913007,0.06110229041464779,0.1589576947046013,0.12923905310389605,0.4384106494286978,0.23929449727160576,26.702108899759395,36.78177063072832,81.82345145694558,316.52632054958195,54.54279502117131,2.7477654244973904,0.554620491211145,67162.6087564271,High
20.17052412368729,79.99971767328613,0.2288809635446159,0.26361682415882143,0.27613210182864395,0.5142346497245586,0.3928337048715961,57.8975918325512,26.76609854954414,65.68825268640333,442.85899933614354,13.341633552320708,2.427280758942974,0.9016312294863601,74974.72764621332,High
20.06505159298528,79.99663683707391,0.11900265118631091,0.30065273597811776,0.2355729946753345,0.2473096981730966,0.6256578588543228,29.575235082468808,22.030740870166817,76.77711634701856,460.4291232788612,69.16434019733182,2.9466967555590404,0.9261929864146267,59912.78197552456,High
20.948885537253332,79.55543170560263,0.08617006573318364,0.14541840025673683,0.43880213185261485,0.10715763883353,0.1709610282872114,27.963002422320898,44.81454488719409,90.47555335073837,480.3207583429248,79.50115369284704,2.2804285385904364,0.009098181280775997,49902.56297159443,Medium
20.96563203307456,79.7689874151805,0.07308596048876274,0.19474218553387307,0.29341090907858663,0.468934759280765,0.2944969432627986,23.95035953246987,23.905037698264984,147.68077095323335,241.44043169233535,16.33544497431565,2.767042195267952,0.07541217599278827,45730.07093568595,Low
20.80839734811646,79.94476572988243,0.2588866327634419,0.09266013266793166,0.18980254883472752,0.5170722985003379,0.2934233759260976,17.780738693454122,44.71052484908702,155.23807477668154,358.8555726519068,10.431308735188216,2.282819041491062,0.2503587295708555,49776.82914129574,Medium
20.304613769173372,79.84964739067742,0.15196248913041985,0.11340227233713812,0.09563831395517336,0.47023806597675954,0.4024132493161542,25.387783661005958,44.43199831416118,118.09494186562806,489.45682491433166,14.551548278735915,2.856392339734585,0.6693154163635017,50329.5863918373,Medium
20.097672114006382,79.2473481017432,0.2674300314586284,0.28839124888774403,0.11049873149397382,0.1714251436504193,0.7862581186595295,31.31918490843326,39.84545259770099,161.54677935879215,683.4003755485816,87.71275618985017,3.048413641472899,0.888272196511506,70650.06678250714,High
20.684233026512157,79.4505441353101,0.06960690223968272,0.11350342169346944,0.14012677198049406,0.4767139611284845,0.14725178267867536,50.439652488743825,36.48557405204994,38.76223289061416,550.1971257348288,52.81892617563562,2.152162158952112,0.45994195129396276,57655.559177162206,Medium
20.4401524937396,79.12915941515149,0.1445871013491831,0.23380718428347108,0.1503866645361192,0.48446139105382047,0.4630906960664165,13.753890533167095,34.445176256277115,40.1912945233768,657.4320664016768,46.72609960075026,3.0399148263146043,0.6069731162742654,61245.32535472319,Medium
20.12203823484478,79.95405102725873,0.21184738771260114,0.29816619160285146,0.39024642313645513,0.4292702578350275,0.22555527740854733,22.630416379920575,41.65253863444587,59.52077588226145,569.2166320727974,10.671181910235427,2.7122903052971576,0.18849985279556114,48424.41040612026,Medium
20.49517691011127,79.60617463445088,0.2872169494516891,0.08740692308316035,0.27448911531300996,0.4830579663977931,0.7794735817868209,58.54141841750058,27.2359880404872,139.1578245492793,475.44433289082025,64.95560067569618,2.1525325890404288,0.8049668338816853,76621.75714838246,High
20.03438852111522,79.22864280550347,0.14562575087962099,0.24855927687011625,0.2593563645497466,0.522960719838866,0.17931245330922496,18.815315415026248,31.692030312121926,69.21877610061212,255.6128530249895,86.799959189509,2.5130502264316545,0.9673281113534697,97252.4166796896,High
20.909320402078784,79.67170068440586,0.2377674129311027,0.13979697429547733,0.09590754874768699,0.4068020571187292,0.3825207016531139,30.558708791351293,35.48474923416255,85.15541280329279,516.6771085408822,82.8185869323453,2.1930323521821173,0.26859893291459747,57107.63043909643,Medium
20.258779981600018,79.61812824045789,0.3157933244708561,0.38702440633315294,0.394055877339774,0.14430235698483954,0.6165194893842244,61.879535311488404,30.279761896737277,112.07195231978864,492.8587612779489,62.60547089808013,2.8404174666398836,0.4948259516005463,52884.26013926459,Medium
20.662522284353983,79.35816271803284,0.23475895645469136,0.21924097635197365,0.33912572128339347,0.3438139048336054,0.5931880996192117,19.29551866860656,30.6871613522567,206.72920852238735,481.35804375149655,7.527871665167362,2.9106417613015396,0.0861161105063738,40659.662239411955,Low
20.31171107608941,79.11355759219963,0.11988784242609013,0.33209739242130537,0.07706734476000064,0.13882466733580254,0.3959100458257526,14.964210137091394,28.25711668755211,23.18829125995783,419.3822273935324,11.239702717601297,2.126955824327359,0.5591366564629684,33424.75879419613,Low
20.52006802117781,79.6715731955928,0.05732023446696141,0.24257928975469162,0.33313403889190746,0.3037715155162154,0.34256691756690283,39.07227970480065,34.1057954171134,169.35712865442315,440.7611321941016,4.930898710982468,2.6073678232335733,0.5027834418466806,64418.55600854427,Medium
20.54671027934328,79.5203077009038,0.31102966217027894,0.06519438649918671,0.26741528693705846,0.30355324456281385,0.37832866498700946,28.145170676712183,41.2643632003779,173.84160213935763,333.94338991495727,25.74792164924693,2.9775500672311006,0.1444364841550776,42533.23161422899,Medium
20.184854455525528,79.77231839173564,0.05638082325511615,0.27160298145790784,0.0826901382987113,0.1330049220701208,0.28499338421104753,43.80450186903125,25.038209450157822,203.6908294820264,435.62198095326676,13.566146716037775,3.123395649861196,0.44206621311807504,40362.982399717854,Medium
20.969584627764558,79.520163501112,0.3124105018052598,0.38299116977233,0.2333202566114626,0.2744102669847397,0.24373305709475987,58.22829342900851,43.36082596883604,234.53317598387204,258.65574812316305,26.004804025243388,2.6162214400901243,0.33410465208656326,45772.45703817814,Medium
20.775132823361115,79.85218150031854,0.20868114020816358,0.26056413705121595,0.24387851485201878,0.15549904939565742,0.438127788291223,18.22890928916459,37.22719134370574,24.63170525833666,592.8459185482072,38.50580557189617,3.1403350683336884,0.5218308753051893,59057.691900975275,Medium
20.93949894156419,79.55190683877449,0.33172030955386883,0.3367161007993766,0.11630981606531031,0.5041176050046111,0.28797362924732517,44.8419450732571,40.58183031700075,55.37025226803972,252.1773250842893,94.29827840711357,2.6428267645472356,0.5856543354287992,73716.72788629578,High
20.894827350427647,79.56093797153538,0.2896349707320996,0.3594722621719427,0.4282792588001129,0.5738440129822354,0.3012231654280751,40.330525623391836,33.90476731575029,223.8193976328784,196.73145943920653,61.03760597816921,2.4730285935198895,0.008495578607209509,49320.82598109592,Medium
20.597899978811085,79.87665360265835,0.3493802331600012,0.12982792018212638,0.3899901485922648,0.1361582376289693,0.55972924443219,18.644727160791973,39.48791753560158,125.45926930301353,389.93531449643655,83.49737856829623,3.017843754263475,0.7610059829495553,72637.86433330826,High
20.921874235023118,79.4034828662124,0.15521354463551304,0.12421569396787933,0.3176089349316433,0.5775576036458507,0.7779761321899246,47.43990913173894,20.40500993348668,149.8558469546966,512.069091728334,71.03515007123322,2.591579252549707,0.7130142918617408,61267.14575215756,High
20.08849250205192,79.13401522845064,0.28015648667933807,0.26384334609784715,0.2349182244002429,0.3612882996683726,0.5225460403915626,26.418425071646297,40.459510619488384,172.4962568563239,390.74425371344773,11.250313052663174,2.566283012677428,0.3662863862065222,42444.24022769592,Medium
20.195982862419147,79.02878267631334,0.17057927408277263,0.19385996443234665,0.2147062166338034,0.24978283897693696,0.15388562694547642,39.27005911264075,21.003471477134163,176.1853190339966,302.21477257321976,73.59204063739489,2.588374987291794,0.05293593556881826,47023.39177997495,Medium
20.04522728891054,79.75513725567362,0.19396268609117268,0.34395145600335214,0.31038938686038164,0.13843103763808176,0.1529085296978469,14.936339456623713,42.24783440907156,234.3002927627969,456.9941511397424,27.509888155912442,3.0161420022436944,0.7549325397850504,64470.34786973229,Medium
20.325330330763265,79.62030955135346,0.23825163896551105,0.36500809318930394,0.2681727477627622,0.3503121340352089,0.7659962545918962,37.57504343281738,44.79906868096609,249.29836600468403,340.85128447670996,63.91078469947063,2.9983298500256628,0.9551751604781324,59160.67656244222,Medium
20.388677289689483,79.70407976809922,0.3121031342559016,0.17369748275595137,0.07490924235275426,0.4972577722453744,0.3081035532151336,28.38780808256922,27.351686554419445,185.63621601411626,663.0772295696482,34.09619736429885,2.4842239909282533,0.2401515960220142,34570.03550692312,Medium
20.271349031773894,79.2129641615089,0.3452250407597885,0.13290469564106872,0.2550010595081327,0.4535432386333491,0.16444689025773282,59.34287267112126,25.25796390714484,86.06087811718469,657.4548267819646,99.76722632646592,2.39995983184463,0.3235246137370379,61649.58353518438,High
20.828737509151928,79.13637147558677,0.28048202415935547,0.32318393033535164,0.3725614468931358,0.1251130057319869,0.5193312110052671,13.418723619842098,39.13408409645102,222.34305252769903,426.3045009846525,26.355147949677782,2.590313628846955,0.18381288948181496,27157.823610937045,Low
20.35675332669359,79.01454466566788,0.17533003465020014,0.14618211244184764,0.2336959510387832,0.13645091768395176,0.5365541448031863,35.1164364950998,26.325658523006332,31.320810344375168,330.33619671004215,27.913047077426967,2.687327011684531,0.5769361233448397,53870.202290719186,Medium
20.28093450968738,79.3505875588066,0.17640710068312104,0.3379150114797875,0.07078263102170737,0.30143664131631853,0.5539533740830818,37.50588544788628,41.63905957930508,73.14859616113412,555.4228276761514,93.06722555623983,2.286004652753596,0.15484139464745494,60102.52498902469,Medium
20.542696083158248,79.58991768685463,0.27127469047666747,0.19830838877706702,0.36451127975361325,0.24764524702397164,0.2871814195002789,53.500364577947124,22.571064803936917,226.39871501665442,170.19211891568665,2.464440463632267,2.952746101658709,0.35619394346137945,51569.040047388015,Medium
20.140924224974764,79.39224404509973,0.1216331437304907,0.2836424647520147,0.13054551285438976,0.21619216152802392,0.11057747895013254,44.45725450541266,23.148879909483956,78.92404832105163,411.12295332400817,69.66889878731969,2.5837793188789075,0.697013013934263,74249.66765574188,High
20.80219698075404,79.43747492202372,0.0831422339394184,0.08343735984213387,0.1534483339552155,0.2405022494543568,0.7755107586181303,50.03274023165086,44.478788877515385,70.74974371300215,334.97786684868345,72.53263907358782,2.4008546581039516,0.5601159830093484,54419.37463755641,Medium
20.07455064367977,79.90415869449374,0.15638664729223295,0.2683507636368006,0.11588254137291837,0.5017413716484423,0.27562513198377175,56.62295713910537,36.84597245675012,51.768817422256866,656.2947368064051,83.63785774103994,2.128185191556789,0.38646256432793524,62816.54260557359,Medium
20.986886936600516,79.34825546702331,0.13617169749622451,0.2081186875580302,0.18208602594859902,0.564614026815927,0.5732184016367833,61.732178419491326,41.17218061072382,217.5957042587908,156.6016649999754,97.44393106384753,2.286614192484328,0.4202496018075419,59133.59745368631,Medium
20.77224476929666,79.51398948915981,0.13889243613679703,0.25531296211141596,0.352700602275454,0.3025513472637832,0.5946409089150968,28.83252980334823,28.10823443378795,135.01339961394996,454.048181645092,97.56019191566524,3.1391374061071806,0.5621108826232295,65429.91456589785,High
20.19871568153417,79.78365301274114,0.12008232531497298,0.1088049727107022,0.25775434380157497,0.5530555010662486,0.52700519195564,42.28136232183418,36.91209373801511,175.2254367024556,557.3649695866443,6.527675756646389,2.366119624183432,0.005864727887161303,17328.17927457461,Low
20.005522117123604,79.39654278232128,0.06262795689090857,0.30790581073046375,0.13195250966028504,0.260747850623941,0.3190351759495538,60.40648470635199,34.85604568271493,74.98526833725683,416.7598931382227,82.18393227529025,2.2026311472404423,0.07850986845360985,49467.92205277778,Medium
20.815461428454835,79.62208670022787,0.055362180420024144,0.35197897714013,0.40113203126081637,0.3382184931718958,0.28976737763484606,69.36706785790338,35.07875300307367,194.3492968325798,196.97166658949692,64.63099336573814,2.552807349985992,0.8812580677630116,82229.94630459635,High
20.706857343847616,79.86236370874674,0.34631671692080945,0.12585893003177148,0.4018327419806117,0.21301449890799987,0.5183677978918922,63.37115866262579,37.063311488443034,194.80127534128266,684.8537645153463,64.73421343730912,2.3685052920322986,0.07787898909129076,47734.9952632699,Medium
20.729007168040987,79.94952062365765,0.1783319401207587,0.08350009443205661,0.39823137001840275,0.42023802108792196,0.7062669435281841,32.28803575746261,34.38397932822747,91.89754572890904,434.90573725685385,12.83499266146948,2.042191100325433,0.7068035962105051,56322.42435625977,Medium
20.771270346685945,79.14707348092904,0.1652979941479045,0.05827350511621774,0.14551848455261573,0.5894905575874044,0.762713610246377,21.709991033119024,30.72655923256665,114.45700559236505,487.80243437545624,65.01871664456533,2.3877742607353007,0.9200381641090526,66198.45984334836,High
20.07404465173409,79.92658762516149,0.253894184807921,0.2746900251551431,0.23049573767239523,0.4017465480216893,0.17413406308263035,39.36355224439532,26.89806735951367,68.2287638089462,280.13538048912903,98.24825806012478,2.652930348727362,0.2706836043017311,59220.73046218414,Medium
20.35846572854427,79.49211629307953,0.11547616635951925,0.2624829126310733,0.44399586245635003,0.2789070420567744,0.2083800288184039,54.498487110162536,39.21453327283005,244.60903536426798,415.9239468087421,91.1818569539447,2.6620548464239606,0.37049143705951426,72219.27010808467,High
20.11586905952513,79.25824438829896,0.3349883551850676,0.24134409444992455,0.35880499052399617,0.42390872299526416,0.7613153811481558,39.554144245197854,25.656810750079657,168.48859272343466,386.03222057707706,43.91306608048505,2.4278707054122664,0.5689214058447163,55102.1802186084,Medium
20.863103425875593,79.45913575623827,0.2859035043246656,0.1311814836405914,0.06086696849022393,0.1614603392326938,0.6155746598343548,38.99085179882011,37.30885765386036,234.94509256456857,191.19271310109104,3.994797328609434,2.536763307503121,0.8817089696385847,41008.33389012431,Medium
20.623298126827557,79.98003257528548,0.07682330069367785,0.18681709856693013,0.07608183650419682,0.5443295401326993,0.7180956773808412,60.29382526490804,25.833320566233166,89.77867503470063,208.38819445110698,36.229349000020484,3.15862150188172,0.9419055872604202,63667.754239039816,Medium
20.33089802485265,79.49261809399287,0.17527423273547849,0.25806671731516057,0.2355725507249331,0.35154197538991816,0.24184284389474023,31.684226744031182,35.63325424886135,199.83490998928463,610.609885790326,82.63903116005552,2.4528181726763743,0.7395632481112681,72221.09209377533,High
20.063558350286023,79.32875161028751,0.3137354922686494,0.22386840060070928,0.41368808234462406,0.32467487101982107,0.5113101097765813,61.58768048869874,38.67695667822572,196.14748809349067,281.90097371362464,70.1499101465166,2.3098721759119796,0.08661976085469403,48885.95091582542,Medium
20.310982321715663,79.63340085431673,0.33341960668742304,0.3957249320752106,0.2654807191810857,0.39293239422675963,0.5907977160922316,34.40828805710341,25.46784722266348,179.08079992930456,257.22704932424676,45.93436555939564,2.292160452880112,0.6691541555348508,55497.09791432657,Medium
20.325183322026746,79.24014561877819,0.1902204533749609,0.0977539133948566,0.2491250032137161,0.4123919313947012,0.5760783198128809,29.693986340700363,21.498582521532708,242.0969643113641,427.7012981875766,5.510153515883109,2.549317535244961,0.41030372187266206,44969.648347734204,Medium
20.729606178338063,79.07586332810867,0.2340234167632123,0.29330059391665786,0.09218947998265224,0.13588790311325652,0.38570618360668874,37.23939467198194,23.274343574854353,110.51772730445258,572.8109222493821,42.68947278233026,2.911424178460333,0.4707009994910616,37847.637745057706,Medium
20.637557471355212,79.12887972191065,0.10011018382762257,0.19151156883650228,0.31271204188971763,0.44130861061170124,0.11077642418391594,55.74681752049211,35.14992418177564,50.06498442564418,184.07058521844334,46.90249397178835,2.247185821026168,0.04914839034517704,53856.97533193047,Medium
20.887212742576327,79.12804583895777,0.34735058784109296,0.19986986522396516,0.3788412642400902,0.2209658401577648,0.5080482397629842,17.560121671839656,41.23616015564339,174.49303762613397,467.2443558010407,92.85555328941359,2.851155352568922,0.19106213934635818,53482.80903491595,Medium
20.47221492516195,79.1519026935123,0.11950151041503301,0.3011592179803617,0.20216800300302495,0.45697631625329493,0.27717107742572616,21.78515295232104,21.12492053088561,187.74125410975742,215.56574356231533,64.10861035821594,2.0253797880192996,0.7905136075336477,74454.67531683772,High
20.119594245938302,79.13882717264941,0.3328195322405377,0.2923526529635294,0.360244740370131,0.5112673971920983,0.4151779723000233,67.08668953978551,38.353781476041156,152.26393189552738,170.05357795409014,31.16529166546489,2.5027195735807353,0.4539588330478598,64916.21705368085,Medium
20.713244787222994,79.64087474480321,0.24489399469771056,0.39693959779576593,0.43579066156032464,0.5019792537762602,0.7703067105586722,20.52949764288144,28.532966148751303,67.56811542068114,179.00917368921955,52.53182644507214,2.9310380782433443,0.30166224163114885,52270.39317526157,Medium
20.760785048616896,79.18188008439914,0.23232103846365776,0.09493800130894384,0.13150658365107565,0.37625048370394454,0.3793247223497044,44.06363907586327,31.96320924798806,136.02486658395173,608.7902595146427,6.605530782216007,2.406479546929318,0.38401907396495816,46624.2105702469,Medium
20.561277197569495,79.34566728332386,0.20380655330495256,0.08643837728445822,0.25933185247789653,0.36008494615537556,0.6878611246650987,44.75886799971627,43.221488746139144,91.80363941089976,214.88486599543387,97.25682356497369,2.6764845217344795,0.8543995133256802,70732.34850110093,High
20.77096717995456,79.89678840990601,0.1192009435153276,0.30351858599505943,0.16485518323383022,0.17143798066970586,0.2319784240244758,39.37746772301469,28.299287618396136,118.31730147833848,174.83325042676057,36.0059901930726,2.245975079391093,0.7489990174049569,61994.0754821648,Medium
20.49379559636439,79.47396164026287,0.10295840960165248,0.2524354209522432,0.36714176761353573,0.4876730752015678,0.5707223486175202,48.68471491460912,31.63342334848715,168.4002724442727,390.8449379286018,47.78673549131358,2.8903944693514068,0.2723153971810828,56221.70920061799,Medium
20.522732829381994,79.66755773852103,0.11614586272105261,0.14595623329593205,0.281037346352463,0.2357046902233572,0.7839048681072605,23.789603547857105,20.342060369017027,191.39939081889193,614.1964095681136,35.52839742369226,2.0627349239225117,0.11750184021237331,41055.61951693475,Low
20.42754101835855,79.17231987120164,0.10593147864327636,0.07779677914614531,0.3038329670201215,0.34834771140897325,0.17132517061105576,43.15973606660489,22.039968000120957,73.41167890730893,294.32460706911604,68.25117301162001,3.0230511738506003,0.2519982216440717,53788.111332732646,Medium
20.025419126744094,79.19228901880867,0.28387534207002596,0.0799803873587507,0.36916566384635763,0.24213704646375836,0.10582395955903441,32.33039531481383,26.4647897783696,113.22483294879927,381.941939639254,66.2232158329593,2.2378356637060017,0.9207564510547337,72082.4022152559,High
20.107891426993305,79.04086861626648,0.15503757775001903,0.3629668061324414,0.20838818906498197,0.16691418149984658,0.4035079548428301,49.70003557775134,20.696306020526862,81.90716132807472,171.95739291006316,71.53223105291356,3.049277638049997,0.5815888378497553,42997.827162922076,Medium
20.031429185686733,79.16893506307217,0.06735280296901891,0.11715356365156003,0.4160360273628173,0.4147788484458683,0.16483783813595704,18.47341260238897,35.78438315120627,65.6852711882299,396.9931827741817,26.814322961192083,2.4230350895606207,0.5334802087447829,64966.4285825939,Medium
20.636410411263782,79.27859033903196,0.34073078904224335,0.1631800467404323,0.263211546898456,0.12716601741145192,0.623869044773362,44.252645010368575,30.659958920040562,200.17906059904283,467.6871943504235,31.566848116406597,2.867220289369384,0.5963935996924615,43390.46748037037,Medium
20.314355981076325,79.17701048427675,0.31513576548902766,0.1293297407794458,0.11318192913413921,0.47432261706309997,0.7401840646939913,21.116221322999422,33.70363006820055,229.12811972050827,463.9988795636796,12.525123109620795,2.383070357343426,0.36602826574651526,43483.20928603402,Medium
20.508570691164703,79.08870253375706,0.32832568495856385,0.17424870704117806,0.328359647267521,0.2587933976305583,0.40381468089613126,26.718583786902183,24.366179647408238,105.15340270745264,332.83468069590083,65.55099718461126,3.0870940054815774,0.8071070203195128,68011.47747181384,High
20.907566473926092,79.1206358711006,0.3484723467939306,0.07429834496113269,0.3673045401753018,0.10006734650224267,0.2810981495088087,23.122588019414994,27.398300735915402,192.7941526059664,323.54324936472455,3.979712733565255,2.1519645506220493,0.5232862493002498,43299.703989651,Medium
20.249292229148875,79.46077876803272,0.10216857476584619,0.23167092681789464,0.1767046708270107,0.35556456961861493,0.4040823233046269,20.970266792129024,36.59561187131813,226.30891655381456,208.64299041512885,59.768233552345905,2.2142237471271184,0.11674790276879554,36735.16351992985,Low
20.41038292303563,79.20633371840579,0.16887260567079762,0.07366439725727522,0.3928717027995012,0.12342595426380157,0.6064134724950008,59.54265709364002,44.132568090759996,214.60856842195327,351.73907635544765,86.96958848516338,2.591636150190563,0.12906512482906296,41912.97729465064,Medium
20.755551138543048,79.36426986104807,0.27747154271122737,0.33012477773782656,0.4124573019063066,0.23808477891044974,0.10633791310625969,27.14245405965342,21.26041934005523,62.04707936402196,204.72206788013057,89.08321482896335,2.0983261268457754,0.5368591465026183,72075.4433100798,High
20.22879816549162,79.50341727085485,0.25880618541613765,0.13179922866865157,0.16076179495112358,0.4534882437278581,0.5126177926392881,65.62742691186696,42.25960802138165,239.9471327480731,571.6277695916284,44.90377603699617,2.2351762216421145,0.9365702180708392,80147.8454536332,High
20.076979909828793,79.69039482862937,0.09616877190195652,0.2390041701115787,0.4434085890860888,0.13134481081093294,0.5293041794211654,68.19559152071145,34.422030032780214,106.63558129877637,681.4508637615022,45.930368821307376,3.1325196586544175,0.30835212167619874,46716.050662627735,Medium
20.28975145291377,79.0393121398411,0.2947499374971853,0.3580276806465104,0.10628461121950337,0.5196692461780011,0.5463817728271549,44.27562819622584,34.09798916889059,98.02535206998236,683.5409511666888,7.696918300801736,3.1717875933774646,0.8695411688592183,65778.48376606911,Medium
20.161221287254005,79.79941039890905,0.1173321715509982,0.277807079166518,0.130806267360996,0.10190996132929156,0.2694154559866141,18.580067359943584,32.50696338019401,34.35920527388948,625.7891046564666,67.07650254430358,2.4515111951965065,0.7640955865788793,69513.34477186567,Medium
20.929697652342572,79.6279003894909,0.11714528444678693,0.2365352252929674,0.12368993569521046,0.22341193460095113,0.5998369063646888,32.47289460277487,21.734852147604585,131.8199404441231,480.4356821367905,82.12594203728455,3.107943225216723,0.24781244290690685,39957.460741409064,Medium
20.808120379564418,79.08175903194888,0.2110923268680241,0.16351681359038148,0.40759588400314817,0.4704520280760357,0.1639740404322435,57.86393580089284,22.246921293404018,45.07313159741361,535.4761334841339,24.465505460471306,2.653789610808118,0.036340748316242455,42176.48898739598,Medium
20.633403756510422,79.87357862410678,0.22788198045251096,0.1665506695703693,0.31171702092998477,0.25813507486465337,0.23948923552676057,32.04344372182423,35.02280014147715,77.16415881330798,306.86319147422773,42.13008816333647,2.3236909590485206,0.10184726514238274,41739.86579017714,Medium
20.871460590187716,79.9208724005318,0.22402586235134336,0.28432043431936654,0.11084171328890915,0.15094619403300677,0.7142290326581374,15.221033098167325,28.523964285888958,92.89680300647471,496.92373109494133,83.88393367652704,2.8428784652967183,0.7284939338474402,58563.9483954513,Medium
20.803672076899115,79.06107795985487,0.07744605121932646,0.39794877642740867,0.22612936734733963,0.28011695940021397,0.6171062055085965,43.407094655691274,42.931701664442016,206.03005440308732,400.6072521919326,87.7120467662288,2.7906821678898286,0.1996697380406467,60571.51906490684,Medium
20.186570058886037,79.2768776481472,0.3132382587891141,0.28164371644728253,0.2961192100279208,0.23519664319226277,0.10962188780794169,60.70725108976209,30.164763433986806,221.3623895910562,415.1095368773129,24.317998026422593,3.18695038293048,0.3712709205053938,51983.129661520186,Medium
20.892558998489978,79.80620127979306,0.1296800127766118,0.24522419607950874,0.08338563399575333,0.5213559510802774,0.2738633822588602,57.75558322861014,23.582036467566027,89.56725301613803,566.7771082063368,55.057063454136426,2.31805674489114,0.5016991660064248,49239.7096565647,Medium
20.53934224191565,79.74825969038366,0.08885447638484126,0.3057276785837362,0.4029665473629355,0.2566739587925716,0.25008453809521525,20.507388407821196,37.8679708375509,217.50056788625199,305.0550955784884,19.249315063582706,2.8064714031940827,0.7254681684501628,58824.684918880834,Medium
20.807440155164063,79.18452101935638,0.3166244239606931,0.2128219642993014,0.3714414141766141,0.49446623588800365,0.2895644296258808,50.365876864748,27.333835536025248,217.16311559505195,324.92178643198594,10.187876413955655,2.0624285060353365,0.11323122325912538,57515.36961579861,Medium
20.896091299923494,79.20934932333671,0.336695449468926,0.07104981991027483,0.2520827094306553,0.5459360724053673,0.2732918391959205,23.23025580613883,33.13675768389733,195.8697185885209,658.5529851207502,91.11205013919576,2.1363752464360632,0.4063664052774615,59520.24857833875,Medium
20.318003474971864,79.37047210279138,0.30863828517963515,0.24680388555726845,0.4368506461036682,0.3169087097882648,0.14376840701999202,23.09245207313033,37.44581963762925,53.739876223491756,180.92336216803474,82.05075042321091,2.004702049941312,0.4850729091426954,67133.861109664,High
20.110051924527678,79.48452298519102,0.2928548224174634,0.3851688495768831,0.21710439171003987,0.554971571927196,0.4212583616177743,62.444306398311106,42.506602780051765,178.77425478716768,417.0988641273372,76.00349018031739,3.199352817271608,0.5408270639715397,74027.44987042168,High
20.227935162541943,79.6182547715303,0.24657259419170652,0.11135602982518089,0.44364412761459915,0.2886590269815964,0.6129134323503156,24.98013716441381,39.8047798700419,237.35553485353083,652.0404402243239,4.876631881314042,2.9627284365769735,0.8183606413952167,61384.48400894153,Medium
20.427107788626255,79.36891363956977,0.21525721118274177,0.29150171178723305,0.3171679995214508,0.5820392082450541,0.5247122073022056,25.79484079108067,36.9090266968181,176.98431011644612,485.6996542999864,84.37287927102575,2.944067617680249,0.1716781950432169,58633.42850971308,Medium
20.81801476592249,79.46253471613315,0.07609602797342305,0.12032679103066977,0.3038685093015766,0.14464476226278647,0.5710101680186559,10.039203445677973,36.99082955987859,96.27187529480182,450.52389081667263,43.804407590538375,2.6116712903458157,0.8078314518266223,47777.30233198911,Medium
20.860730583256345,79.74747093813376,0.17253596392120962,0.23753968956557847,0.116381958118314,0.4435096332516214,0.15680442497536742,62.24014204753106,43.64811610080216,135.1332430090912,287.35929857614536,34.23951232958596,2.360080499486528,0.6928784276966522,67261.98257742939,Medium
20.00695213053119,79.0366832028906,0.16180655510369418,0.08383675737635188,0.4027711033218576,0.3469070202284643,0.7660434971237511,57.55568879254808,27.3956024374134,168.51675997074233,338.80151898544653,54.647636102537646,2.181517141355211,0.5558708141989593,64856.58284763556,Medium
20.510747302577567,79.25243694434403,0.12792613512809786,0.2076298276903648,0.2209958751682461,0.2938244027278235,0.6869442836901174,47.63973610544068,20.027802354904686,137.4311940075558,618.6266286925811,9.135324272355582,2.3416096866157563,0.6995278704025719,39900.768862571,Medium
20.41741100314878,79.71334958588456,0.2670260341065755,0.31465716511333613,0.11489336231299174,0.4163559393743005,0.6635632229469639,55.01594583633054,26.798863984954966,47.58917659812306,457.56997247265195,75.66465493523988,2.451165466314967,0.4120177389516564,50644.370376850566,Medium
20.22210781047073,79.8952068376872,0.19876272052363125,0.17165003348364374,0.05504300799030362,0.4519285458171656,0.6760886635292372,19.122914045469507,25.4472844906686,91.77473026996475,433.10820656622894,58.24350768882959,2.907572116376353,0.13839758596812457,45672.72058412452,Medium
20.119865367333684,79.51167744211567,0.07431386477229437,0.2827191035705263,0.27390227345535306,0.10218163482515455,0.752897355692933,37.499415675254525,36.54586462784995,204.55108702733548,204.7688424470159,18.659009687316754,2.647594146683783,0.6657652402653673,44537.25758859007,Medium
20.337615171403627,79.53211348526531,0.1160549605849434,0.3284074862764052,0.26095984884907053,0.18347654437359937,0.4809777762795884,31.073163240926853,35.84278999413823,218.12615060196902,158.8154860503177,18.82321997690456,2.0929803518665793,0.5246723066856223,49563.73864808551,Medium
20.94290970391252,79.10717201133977,0.2549776290978788,0.37451223681780843,0.33774144894766345,0.4565230253171594,0.24019741250733814,15.626591575420989,34.836534567618095,51.57900752458116,680.026853777877,18.424865157267423,2.0216348107506947,0.6393748005427755,68209.4847057696,Medium
20.323202932020756,79.44741236682346,0.07283925784709006,0.13212472864940875,0.4061032212071209,0.43319270678910327,0.5317485254967789,39.16782911289545,20.406086080236342,239.04895305170666,357.3423920077629,5.700238755193398,2.122798615440876,0.33799878102849,42876.217281938,Medium
20.518790621743367,79.53261726645502,0.3053620742146306,0.18976057053325784,0.0817626338572118,0.5830237525643386,0.6200170455675573,65.24437902055811,38.21945136126619,95.62920210518014,481.7671841547274,58.77984493716848,2.4925984564368555,0.9068665773398359,63463.32920248255,High
20.70301895889518,79.24247050363473,0.1985439581041923,0.1033456046656461,0.34259859613614496,0.4805188951253915,0.6165421753478179,12.403547143041669,28.088260312137287,172.3321599080656,193.84329025300673,84.0348177588508,3.1198315004588224,0.5873698685755769,71604.35715202271,High
20.363629602379294,79.26924323094939,0.1941759731979944,0.3973692257554313,0.1249647776390329,0.575386353865669,0.46501431691681616,27.48765480962763,36.62639972516578,192.91978357003666,525.7128571476755,1.74982139873886,2.764882977451066,0.08540248429087383,35571.895646085075,Low
20.97178208272096,79.37728416310462,0.2277223353978553,0.37445033877350337,0.3932708212628656,0.45127025076740346,0.14792110353350466,22.45245617234221,33.91446071255383,206.74763396671318,662.9116897882785,4.900464497127355,2.9621910798506184,0.44980399070442867,55661.8610058158,Medium
20.962447294942113,79.02007119777772,0.29740428977754474,0.23898499559819586,0.37762540554466245,0.24902610431972158,0.35977905690108947,24.28879921994178,28.56827313569768,237.52243151196393,466.61588914858083,57.27702766869458,2.5596495134054584,0.7563560547436343,70608.77734783934,High
20.251782295825365,79.32207916558318,0.15434276237065792,0.34471165303174744,0.2663175019942178,0.15268246112542824,0.7445366259243502,64.50607311276252,23.364406677602695,91.9714960466292,219.3634273064758,81.94956853860523,2.4339992998340514,0.7941345617322724,58301.60257679568,Medium
20.497248505892387,79.21144800699655,0.25340484576771904,0.2323352920452148,0.33409711944932463,0.4909119316724678,0.5091142368301983,38.08414325405741,22.360472441512023,217.45648454685752,469.9468401104122,32.67388905686336,2.1300804472599473,0.49459705276375876,62323.17074380815,Medium
20.30087830981677,79.32749735217791,0.2197195891987373,0.26825499080096593,0.17574004527349935,0.42207461073795793,0.47683236027899945,37.97796477638913,40.78795832780559,50.28798779032762,571.4909672075588,34.96143988077222,3.0511196266234464,0.8947475708313011,54501.84764446614,Medium
20.284840494377466,79.11976213181926,0.1301084810508264,0.08119355124060582,0.23846715957312586,0.12409300619664812,0.2881974600675355,55.634538547316936,42.95993855203895,182.15940846132634,373.5290951157103,59.63464974967759,2.9397920348334834,0.26766843719429756,47811.108440896285,Medium
20.03688694735453,79.89052728073989,0.3135889959065474,0.3143446471738828,0.37865475908418866,0.2800252329504892,0.3579142439416053,19.269532240295547,36.244701169107486,190.65487778821677,633.9107613678073,27.4212889124147,2.20174171711727,0.4105986972382666,51393.94524383872,Medium
20.609564333979897,79.59359245355405,0.2892278064820784,0.0946997192723322,0.23370607886928557,0.5783999077421431,0.7267422624072185,39.235921246003045,22.585852871512085,175.8763454763037,506.77562434655044,2.660836607768413,2.6147126766515125,0.8985969105689701,54417.284494142215,Medium
20.50267902322886,79.67910231914449,0.24753555039752767,0.33912367058838494,0.19311930613017675,0.35020057285510064,0.566524133268785,35.799112847263586,30.050680422206018,78.03238931108518,644.5869050590613,73.52285181015961,2.584849769505494,0.8962567164715789,55620.23144676932,Medium
20.051478751249988,79.78917123860734,0.30517451872827256,0.3237098306846351,0.24768497890011998,0.31636456800985235,0.651170918726633,45.81464143279937,38.22348000262893,220.79992381349678,492.92792118603546,62.56499129414531,2.7501098632238343,0.6857127688246809,67278.70139711573,Medium
20.278646464236612,79.49844219892906,0.31018826028794066,0.2980606442100418,0.38129970097488736,0.328849802579647,0.4180417961473586,69.97346219502631,39.495522100251705,58.83744657519085,222.20838460265333,58.07559990556591,3.1354242727895136,0.8589805471222202,65129.74072552546,High
20.908265885966653,79.08692028808743,0.2625088930145104,0.06265613318366675,0.18408321894834911,0.20444136200258187,0.5411730536193106,56.16693364492283,22.955465557277215,32.33600204979109,320.33044110785397,74.16841289918231,2.6957257301149755,0.08877326695623267,50211.86646976663,Medium
20.239561890666973,79.53710654181855,0.3011039985091016,0.15609492458086505,0.11950463725429752,0.28435358543239764,0.27386852612024526,33.87194218104563,20.00076797113456,185.0169478407398,260.9872215388513,67.52308375620375,2.6482607201343424,0.8649949762077763,68180.29210402736,High
20.14489487209122,79.58684111802089,0.25924143850078507,0.142089399468795,0.3348056081323123,0.28490662799358835,0.5938225811984404,59.65318313644282,37.803426147015124,129.35941450352874,649.8545737442743,20.588198817832115,2.060387519521597,0.32061990655022676,34788.749777533245,Low
20.489452760277562,79.74543947418432,0.25404223152809013,0.1760477426150317,0.3803912850832327,0.1261775100937362,0.3993209335923361,20.242501798748812,28.914904399655143,215.29254459049548,568.2200370081155,35.24810469433511,2.075488971221629,0.17833151242821632,48254.01374546108,Medium
20.9856504541106,79.43165954622968,0.2355834134645553,0.08067496136734349,0.09025499140941334,0.4837838142589591,0.40978186037032194,11.827821178537608,26.362033290456505,108.18134244339956,522.0191029005033,12.6110141678625,2.224816149592147,0.23936983634204634,43230.79107967443,Medium
20.2420552715115,79.12758030279556,0.27581499186729236,0.377935238060872,0.1459496451023779,0.3082522159519395,0.5545256272038173,22.266902347856384,20.322436744738138,58.70407535677395,315.5314757973919,12.985701341788102,2.038964926030098,0.4179685080138871,39380.50946388146,Low
20.67213554740588,79.28377590579872,0.09758153158792211,0.2438307842493317,0.10678879590439756,0.5110899434082117,0.7553964350282487,30.42469336685558,33.507485169037494,212.38170426807002,251.22462462761746,67.61957463565392,2.8920234746840148,0.2511920046044672,44408.2550737027,Medium
20.76161961532872,79.36308229639863,0.3142612277596785,0.15693350873030826,0.18917656463286664,0.5251740005599477,0.14480444262603465,40.634845447573596,41.27876838564954,146.24921527721648,566.0480983939015,85.86001069824982,2.8679963647927558,0.32056758601649904,68433.56458260989,High
20.2376375439924,79.6459172413316,0.31155305832356955,0.1889435309759992,0.2301403915621651,0.20599702734932904,0.6773202661429053,46.90774843247199,43.9407911568147,63.515032249781626,410.7868702334938,96.27325838611391,2.1632674813179715,0.1349784860716421,42523.822926622335,Medium
20.72821634861186,79.5707783046689,0.05877418491036775,0.20652088917669248,0.3495305347853226,0.42867674108506426,0.30466817728853524,64.63634303286531,34.14362376533223,185.68831967488254,274.184253682846,62.834711754944436,3.0032946809543373,0.2961767655589985,58922.68260924664,Medium
20.367783132719254,79.35609672589784,0.2977450251694288,0.26020801667621607,0.31045903395266966,0.33614090208149083,0.4107436181544645,40.59124057302746,32.86153319349735,137.55613685258513,489.1420879909013,18.410132336095696,2.1857432418153344,0.5722838145420012,52259.07431803786,Medium
20.63230583059358,79.98651524879298,0.08866096024203357,0.23048779969377425,0.2983714269913725,0.5400783689607426,0.11533933014250627,40.076538677543766,22.126409637231028,158.99198591527355,172.1836186761486,10.56503454489307,2.3614107043968304,0.44185370809106395,54372.09252332874,Medium
20.633529710760893,79.60577481935688,0.15053565627774257,0.3717871906250461,0.19094997864386176,0.20787033958822707,0.31073225448401914,13.014580589378928,33.72182003856499,126.00661778751383,329.39363977053944,81.28509715367578,2.298772278993638,0.34671876123591117,61692.638611983006,Medium
20.53577468407476,79.23722679173599,0.27305247688748235,0.2239372190170406,0.386579021233904,0.43890660015502214,0.4518418698410914,12.094693159373428,29.499476974134865,210.60306627814148,407.70634702512405,57.875647635999925,2.4467685182876573,0.746452128857114,73344.09404126722,High
20.090289770054408,79.1017824726204,0.09822796881449247,0.39725530518815944,0.23851486695926583,0.4038760611263613,0.13932325414320731,43.06959771498232,35.17838202208942,210.79942460710146,231.3770837601732,61.82850210137198,2.3055965190679544,0.8935099713933179,74046.1951755052,High
20.83530249558924,79.15285913918433,0.2953901072357186,0.3479987352107835,0.4416419752060618,0.2476507387859164,0.44376701056821566,36.290716794900675,29.71815869691367,183.15942901960884,691.5599626749618,78.14620887547092,2.5867411117261425,0.756789222902397,69996.9711806185,High
20.320780064971736,79.24595772838451,0.2996402533873226,0.12297868002506754,0.3036568553182947,0.1683004518255863,0.7489774402008992,60.35082369881792,26.00747808625917,44.24231680118632,265.00355052428785,70.32772277324516,2.4888894576256226,0.3320007021176792,35969.35335286896,Medium
20.186518510399853,79.16068137325955,0.20224032012825088,0.3757083251253707,0.1005058966258011,0.42581988023863826,0.17377525267546368,19.64077508271071,22.374131880709413,212.93638823793583,221.69422152379605,83.44582528560966,3.1838833889351923,0.7444421678375537,81185.894907662,High
20.040775141554764,79.1865670240513,0.05191576151505008,0.09072823925991663,0.3204710248301736,0.4692987290661653,0.635108509652853,11.498299727022976,27.872961114722393,174.33298552256926,261.944180637793,5.621390545987848,2.0671116201538706,0.1519801824740512,35644.88576139339,Low
20.59089294318824,79.28509516869384,0.13611143995247382,0.3361073979719171,0.1800416061726796,0.25781367188167503,0.38676973736319487,36.94232607580756,22.416120857193807,180.3155581809889,572.9836232378484,74.75206367465049,2.170617651664822,0.13031798809129091,34502.013681694705,Low
20.677564361842283,79.17337359529475,0.23507807551272264,0.18321815271680303,0.32453087867443897,0.4224163020111569,0.5586216001670367,24.248713405135447,24.4224237705996,103.48605329289047,384.0281125995135,85.08527573220954,2.063391072690323,0.34562703703615894,66730.44189002231,Medium
20.016587828927857,79.89676542462642,0.344355853408227,0.35729101215577436,0.0778564592649623,0.2975654538057516,0.2821656185896606,12.976862400330248,44.68340396448865,222.23429791611153,460.9787668638959,28.613504245831432,2.751009433978851,0.807702369044057,59608.28571605149,Medium
20.512093058299282,79.08023374566164,0.2395440581050005,0.35381984153760765,0.11995257487038376,0.45660344164130884,0.21164458377895082,53.47589721085774,31.102588922665465,186.8354680540172,161.5550363424984,64.04472739932528,2.0654111328964637,0.24634824724230187,44763.06205269632,Medium
20.22649577519794,79.52451138957025,0.12794107431924795,0.33207389004116744,0.39229490356231456,0.19960763744702656,0.21232382998985852,16.695579997434848,33.29679416262542,45.895807301714726,168.937219715323,31.416206383697208,3.003727684851348,0.06325340889867959,49230.781282294556,Medium
20.64517279040945,79.41039682698967,0.2402017109298834,0.3265106527074715,0.14087182280940597,0.5451075013180872,0.14934436195020126,46.4991700004663,41.840463218430386,113.78894791341742,395.2040524048589,95.7971066482454,2.6143263568183137,0.1317095352063551,63798.934547782315,Medium
20.17436642900499,79.9823786169086,0.21199561391475663,0.1566376986843143,0.384816450097176,0.24370479823278987,0.22995269343087013,26.86298501001335,44.889222512267196,223.86748325083258,599.160383760893,3.3423572435503757,2.6324091494978408,0.8587449685295802,48909.63428220205,Medium
20.690937738102466,79.11203890216805,0.28395361854534307,0.07832174906793826,0.16171043538176416,0.2838929938780764,0.5649535694922778,20.409763021301323,34.56786123361704,30.85524139039717,636.8813832891608,57.97928438329551,2.673913409254633,0.6337832847472876,53761.11196129205,Medium
20.386735346300537,79.39785559904574,0.08209419164808753,0.1910430625678065,0.30715276402348307,0.1290459760401749,0.7171834282904557,32.78509137515905,40.31184552610429,241.1258225176714,197.68861217760212,16.65035470495151,2.2049764475674527,0.25320116336997667,34708.45336792492,Low
20.936729988736733,79.96947043327538,0.2783083707506084,0.11073358024527805,0.3276602294039324,0.1557561061606382,0.6698879799138133,58.08674657337722,28.17352560841688,176.20739071349945,446.09970615556256,71.22202051771586,2.237228363737385,0.5552958253281813,49292.70041945448,Medium
20.137520944145994,79.86550712589398,0.21237997360283306,0.2932328811158616,0.2550619012580212,0.35793095135616404,0.579594016912139,33.52561461427436,27.64359893618228,165.2164748579766,652.2763274535987,17.589028341866207,2.3825807874476057,0.5275796224253504,49793.71987443959,Medium
20.34106635105026,79.81707207094928,0.33889760115769835,0.17113490428822495,0.17212427067869251,0.23379633836398575,0.1773023043877719,55.04617895266334,30.067593024864003,82.22862899223801,363.3850149188375,23.538326189835757,2.7121956989862217,0.6554359784406613,43901.96128646998,Medium
20.11347352124059,79.25790282704494,0.15256164981160583,0.39146357030097023,0.13505775054843844,0.5177401128710972,0.3024312124071649,17.52917780794904,36.81268156684123,77.22211141001073,606.2612072856027,49.43708110457581,2.2521413311282577,0.23318755442161632,42978.660140889486,Medium
20.924693618278564,79.17088758739007,0.23978656794018444,0.27434022707086625,0.06327574182497049,0.10734669432747693,0.3168648127257283,56.36628517990475,37.05479223137747,236.67339048237696,223.53260991968992,91.4834949996878,2.1395980725599135,0.8644029871943977,60625.27194221403,Medium
20.877339353380982,79.66864321992443,0.32960843165300524,0.3378681972720263,0.17157856049628953,0.28954702433596813,0.2749698624783349,24.21599949439892,27.88098586623627,88.60266447384824,664.4669693172893,21.171437214797084,3.1641402637021185,0.30936856208001284,44271.48603971671,Medium
20.257941627715155,79.92937598912759,0.08075291839720378,0.09638363545964695,0.3112651162125132,0.2686727733845463,0.4605039617968062,50.643587793332365,23.330248103415716,198.36621824536985,563.2828246422164,14.424002111810353,2.0263781777715475,0.6941316539762369,49665.18266267746,Medium
20.65998404603418,79.55676289301393,0.33116854617093533,0.3517050687954179,0.42532192737939306,0.10966381545880052,0.47488767041577085,43.94689329045978,35.80990641163771,110.41801358762821,667.733916032796,75.89768318540307,2.963236886403226,0.01612464637221489,40739.15408319106,Medium
20.817222200201215,79.5716126894699,0.256365716690244,0.372965016679688,0.39848179290522084,0.16218419950025512,0.3498201826197772,65.74868303270124,23.208146554719114,52.02843628048191,522.1394784538786,50.0619532333931,2.9456421794900267,0.37265712989414723,65929.40344325702,Medium
20.555200811599462,79.27997909366029,0.07035111773155157,0.22047167158662756,0.35642591061412104,0.3068213374593176,0.34765241111550527,33.23935107851884,34.462312705733254,22.464518469932557,349.8721625996849,91.17851123817714,2.3566569366141152,0.3517098179588083,69148.29702164297,Medium
20.529650578356005,79.76949293319194,0.14028907008404487,0.2621885282128421,0.3653789373013195,0.3464322922237233,0.679988918534257,13.969911330066427,37.33555320140772,145.17918751350769,665.9996448885973,14.661455715984228,2.162751939208776,0.5434844285830145,42852.48703235564,Medium
20.24185229090045,79.18704374855753,0.26245162659358445,0.3176834303160484,0.3159939613903981,0.3021448736274346,0.6525049938237799,11.149329133075174,37.51528740986129,244.4291282662545,301.5617269700482,64.59278930230393,2.1747543760465082,0.0727362617771965,43025.871088614505,Low
20.0931027678059,79.32367923640425,0.07020518044063151,0.1111935195411444,0.1541147430264012,0.3654688392060469,0.315457082176522,59.61151365836519,38.83680276648992,104.90132457611703,332.6948871339529,23.287914615181503,2.836917940684631,0.7901313737261083,60243.77842977023,Medium
20.897215757953326,79.42543643861642,0.224651138052882,0.2258981267622049,0.41287801228233195,0.3975658374528408,0.7396519107112816,41.484138259685935,41.82148553914161,102.1542368184003,535.4446299009571,15.67604286516393,2.7713679093034083,0.21778080176756853,46475.513069197856,Medium
20.900418057163332,79.50761037868446,0.15376491708588702,0.18953205972030962,0.3182929247623336,0.10496191056391782,0.7669705119017542,56.514643110096955,32.49897479911971,99.14107210537168,570.9239647389625,68.34294151572705,2.939294809101664,0.6770378148820102,55318.932656254976,Medium
20.633101457273266,79.24240973241508,0.2362746553302431,0.10123089725678719,0.27417625239217597,0.3320475797267519,0.3287197794210286,24.065536000690884,38.256229738239284,139.72508258011743,661.1719161170346,59.36846199087332,3.1249774068789256,0.8032121232440932,74185.00732317627,High
20.339029791048702,79.1148368247392,0.06372261014375386,0.17863704780203604,0.09439578768539243,0.5817496204437942,0.3480974641551384,30.705024730794023,35.47931838414592,121.35292318758752,262.6413249809152,75.48274583623312,2.8303128359199103,0.5618769562415131,70274.20523206524,High
20.34920957461266,79.61062004244164,0.3114610418457129,0.07386030828492275,0.2288222175225702,0.3595161400647744,0.45394390739537127,11.806232332679137,24.665998494942066,222.38036414721333,588.8989193705731,30.946257644618235,2.187021843861732,0.7408832067219855,53810.92103605161,Medium
20.72595567887024,79.28863055324025,0.34204669075321903,0.05903416743232045,0.23414330848077053,0.4387711337294766,0.7587845687735715,67.68953947444673,20.642241121735204,136.26978209640276,556.2003293683299,44.79716563821899,2.2921311401184927,0.6618603122150055,58208.55448161009,Medium
20.897110259952576,79.58123822142261,0.3406633565857074,0.09730820120418798,0.395825443809068,0.25593192895844163,0.7134236031996181,50.072074402048806,27.113534641923344,136.78430278337083,185.08700593947884,40.547167633041845,3.0106324770477375,0.3555297971520076,45711.04323124459,Medium
20.887086424265117,79.1543627152742,0.2748955495228774,0.38709028905621085,0.2686592880751154,0.48699568907638124,0.17179757380851288,65.99230526555837,31.075842658440486,51.82546678572802,362.97272766561383,98.40894639665142,2.2511672910010505,0.8088585390335653,77505.01419938504,High
20.779875545857625,79.48114010185482,0.0890258720391896,0.24233533756325598,0.20216021958816388,0.4864607409380576,0.3749115202899914,25.92978444574434,35.4276486107164,246.03009440938877,305.5210013830542,29.22489567393879,2.087026780345378,0.294701369885528,36449.13323013971,Medium
20.642031646154287,79.53258943255159,0.27747895877870676,0.388037756403627,0.44072013140426375,0.3606480238270695,0.4873598328248403,46.68781667353965,41.24898326258013,77.49376489983084,317.46973339471674,29.481723834676686,2.8439360648507006,0.5712129177515172,62616.406453564414,Medium
20.08413996499505,79.05182353682243,0.05737607493764046,0.2013742574155462,0.09428823733052627,0.5880069116396068,0.452192730786078,50.70999809755827,24.90614291765414,36.87373551570862,690.6207837550854,35.45482088286074,2.4830316265881707,0.7453977391415395,53503.19578908028,Medium
20.161628714094615,79.33660427819392,0.056637065458699176,0.15913564657984086,0.21901937132477783,0.1627751073813267,0.2357041475558249,29.052982015455306,23.138744747461928,172.52363726429803,503.52757741396033,56.45940812903215,3.1040480630550844,0.3789559098125076,52269.65428102031,Medium
20.89855418852708,79.13441467693897,0.14708306574486238,0.22714965199408543,0.06680987006856212,0.1084738324447905,0.7011717398177083,60.8865541009378,44.08699868685819,156.9342651360807,544.7218867864248,25.232274426374524,2.780306085312394,0.30276760761742505,29975.795164302934,Low
20.60642905965959,79.06337497047276,0.19659295712139974,0.20382909102151858,0.3459616483067721,0.48507910587854797,0.5738585480977862,66.82968777401487,22.701113984410178,115.48350041833152,687.139700523255,91.52899403792739,2.108502773349993,0.4593460101728227,70856.70140172496,Medium
20.00919705161663,79.98996023238995,0.28112222534233794,0.08698263949161038,0.4172306208796603,0.5035777686824413,0.6865358623962625,63.09130706176026,31.962276752679728,117.10421379255595,357.46098035170127,26.56855648662635,3.137427880704393,0.8179634943491536,76016.08713147455,High
20.101471542866033,79.32235384497473,0.2549886129819516,0.2742892101415722,0.16201493182019577,0.16010361456028813,0.7011349955446305,54.34401855636235,34.639093219832546,200.56470184067916,591.0120926490433,89.58157315601947,2.310268716368295,0.9299217631456648,61921.60194780858,Medium
20.663501769108056,79.80987444585463,0.18377081191302452,0.12561336387835986,0.39333667071964834,0.23279141647930304,0.6238490975660178,26.647880783497243,33.53436052268596,65.01390722291929,388.9920298174725,10.347506364658464,2.4046549884875428,0.5450834128598901,55613.08684852827,Medium
20.005061583846217,79.25464065476376,0.13208799988449976,0.2668557842142404,0.16688729218475912,0.10877618168331446,0.4074474208748021,26.896962526337905,22.15080392582358,208.65826335732464,628.2435194982388,65.65627023996524,2.4827124964202505,0.6614662053236519,55753.49207983635,Medium
20.160808051417497,79.68150272222393,0.34913735004731333,0.2775703823393537,0.4143080646575661,0.24665430539028235,0.5273827285107973,67.80161922676228,21.425672850090486,169.21183619585418,249.36164772121674,90.69855184382438,2.061469155685176,0.9032736222389142,69884.55247607925,High
20.548733789366587,79.76022785988968,0.1778543906707919,0.10320869859502685,0.3515847614387136,0.48657093695933573,0.21225578428382022,10.617069756141522,22.637085686525893,116.3630479692906,671.2273973853538,16.874943839822954,2.595818506676726,0.0985468514129424,30241.32108230467,Low
20.691895197692695,79.59563874060784,0.18541610729890262,0.07147236948873387,0.37196271073657544,0.35898026385628945,0.5715517922324355,52.96299839452867,34.63969209681531,125.34658181428978,270.3244396259838,96.8326960099255,2.147982189290351,0.23207857786616504,59746.107074867046,Medium
20.6519612595026,79.47157618855016,0.09908714635750077,0.32326655512395397,0.0572026222401818,0.274047796584144,0.22547727901749653,52.37476975331573,33.60862219085803,79.02885765280203,329.4212788395123,45.28833604155117,2.481164392026022,0.7089000062515824,59271.53887928133,Medium
20.22426930946056,79.41184091414726,0.2884428646249788,0.2109301483192621,0.43512414282961037,0.2858696474531651,0.5857647133571098,47.361372456987844,25.843519800918607,192.9862965203042,565.9057287587293,94.57151084410245,2.420851745590501,0.8237444619122997,73616.75198151534,High
20.712179221347537,79.348868266543,0.25810466773444657,0.07035732842691653,0.3406683968281293,0.10067681285773408,0.2607187125277781,69.40653076521195,35.94435354613979,137.96119073021157,366.5653278609737,67.6820043630047,2.927408100111804,0.8570290283305779,70537.26798703616,High
20.2372490874968,79.92952914424782,0.11623088383662812,0.3982032110094185,0.17190043815445333,0.24990026378261795,0.182285910105154,28.712766145823515,40.501687551391235,93.79654483246402,484.5162572215457,30.158686987355154,2.9638046139592777,0.4151071768549326,46255.801229230514,Medium
20.325399698159266,79.83061940778772,0.07471431368475281,0.07022319634872833,0.3817578659435388,0.4232293708189653,0.2156991431000702,30.398311827594892,21.039473996164844,157.09152662501856,394.5154255881857,18.83025249171064,2.1840954588669055,0.08933990229186684,47591.75480385665,Medium
20.746491405118025,79.96502691066651,0.25414979062241394,0.29326233010049363,0.162608479365972,0.5870972219081786,0.1013944946533492,14.736364176793334,32.45324858870106,249.0189239718043,558.30346539938,30.37350462250994,2.4398614248550716,0.4377814772996199,42715.58541133753,Medium
20.649632899047216,79.12429722348554,0.24635336428434057,0.3942876238421948,0.3991015358264512,0.5235304134919497,0.6031177324974712,36.567888192624245,37.23276030256726,120.11032432100738,275.58218880273597,9.301740926267499,2.448023793238198,0.23073459020705378,43387.69045827713,Medium
20.84922341049418,79.73086747520364,0.1319778580994628,0.13371303647557398,0.09503215616477481,0.11179748232276457,0.6126807343408655,25.662911574090884,26.30779817674218,231.7590221790825,182.15189298028235,14.386796634332978,2.181692532723302,0.29119645499662417,31989.254967499848,Low
20.657612892300342,79.93834045682104,0.33525906867512306,0.09978727904051868,0.3314743909843183,0.5492803023374196,0.4604533449392817,30.60320213065865,27.694272632328726,99.3538731826502,314.9611686101864,10.466044034648114,2.9581442060614287,0.7722675568375058,63842.4308923777,High
20.56830860333547,79.18123306616566,0.09531736753427007,0.09248472879785012,0.26627939065796413,0.491599206649313,0.2129539607387686,60.07430741533766,35.3409475747346,32.588522592746756,410.8697656776366,42.29435437415577,2.848673994002508,0.07552708602588687,54573.949289559125,Medium
20.09367476782809,79.06649626736677,0.1797004403127806,0.15614630164865845,0.08861378807817633,0.49018806178549024,0.15848803625748284,66.12907081164974,42.448382336093424,66.97568446473863,242.4110287059732,79.55783762575864,2.2284581435564417,0.8275812174807021,65034.22137605198,High
20.367715803059433,79.74112064929005,0.33308477605027964,0.08536603385372635,0.14675753130353558,0.3289978795017857,0.11339027650610091,21.143984320311137,40.248110507572484,116.29988296536737,345.13850931101376,14.138355421634019,2.4400662903125587,0.42766908582416907,47463.8562784595,Medium
20.265202367681724,79.5744731131799,0.17591819507783668,0.2922564695929462,0.05496161451092592,0.2990026464772514,0.2160237238756545,32.35053589320795,34.57825547748959,70.51603357675087,369.9906600614627,13.032043317233589,2.126966029827817,0.5960639311005951,44552.791959945076,Medium
20.243989643379084,79.84182877675828,0.24155778429922564,0.07180212934552195,0.23750718618580235,0.25145786441659634,0.7235988744882027,65.71783372692364,38.25554294393123,20.052218790198772,181.56551402855044,64.34289495173307,2.7538479165116527,0.089652231235679,32464.76500791687,Low
20.973010554752445,79.13977237662628,0.16927831938883828,0.22829774485242643,0.17050610430400015,0.1328474294771829,0.26907578919117725,13.708507641353357,29.120561755194966,230.45035368193126,470.8189865013125,19.71829819680663,2.1456463094583436,0.33735907835727963,43827.967369465485,Low
20.39309772466676,79.79526731185989,0.13226456070460102,0.3988438988485419,0.28934299371910355,0.21411768174684956,0.34798992905205095,15.541631686682711,36.02413820246895,214.0922645831137,636.3888853842082,9.76100381089916,3.1831210023499015,0.08970091901484578,34890.25531371552,Low
20.892046555177114,79.20162732004775,0.34519329438794844,0.3348895943271066,0.1688951230834469,0.22330181748901232,0.17374183913693325,19.767459352373763,31.654539778188926,190.72721324199784,233.45860212417884,16.684857820557763,2.936818489625435,0.9615437228811096,50735.07047799672,Medium
20.631138625997263,79.1636559428657,0.1728002018945129,0.26532680338085385,0.1699676446027939,0.34203853485510083,0.2556529133237192,45.71277004761249,24.74840341143902,58.597356998586584,478.7944073708327,92.37313958767761,2.468286259500794,0.8072616493262504,76021.82152848774,High
20.79481130354165,79.164265797931,0.3182297611037403,0.1571887672753141,0.34727727949264137,0.473722203298347,0.4634571995461436,19.02833626035985,37.543456846931434,47.683622528296794,515.6065627009655,82.14712527761908,2.6942767187352255,0.4596327543564602,68573.97588446259,High
20.502637093105193,79.81457472023138,0.11898638176732586,0.26836354270207347,0.06925713439134139,0.3369049141989733,0.5254268781669569,68.08458288704401,33.911615933720554,35.549092378648126,380.6340742306086,35.40645623550941,3.0936101794596906,0.2236025483236711,42954.45253284711,Low
20.576903884626358,79.6651972206962,0.113931411207525,0.23446451236907812,0.41115799807679493,0.1289222247235803,0.27174661991634774,36.802871635511224,28.965539548839786,186.52671341777187,535.6036730503486,65.58207673273928,2.6649191364749916,0.9334551052498522,65115.93743900485,High
20.492517693818865,79.52306542476911,0.05934022486535341,0.19912918436163002,0.39090554975647257,0.578894900494102,0.14041251145758205,40.09107762100999,42.78347975196577,233.6258309582136,375.9023489200566,53.72756736680381,2.2093981836775463,0.34459659572697177,65213.64556932935,Medium
20.195242987798043,79.3588304841235,0.2455000476127655,0.09574863185906982,0.31712187329056263,0.5713621595470562,0.37372300838917905,24.79951694832439,20.523352945668332,119.0232388099985,427.5505083875892,67.7124263482564,2.4544440266973915,0.16098443168737475,54130.1967956859,Medium
20.722452115261504,79.8772005408131,0.16055790311712834,0.36031147533416336,0.28728862804295374,0.49259477157420417,0.26394235964843393,38.25761514608401,27.894328781237398,47.40235455909108,154.04417450493483,68.26711524627594,3.011773838035695,0.5631643884539549,62490.336353772174,Medium
20.280772362440857,79.39244510742263,0.3093074749518911,0.2074246270874629,0.4069209992558609,0.5956639507821103,0.2536877462608614,49.71481795822069,21.422034944441165,137.8503487683845,530.4460627740789,62.8734015059993,2.7730556191875415,0.9437741203448161,104225.75553028486,High
20.024315966431455,79.81659943947157,0.19196297200746715,0.11811787913726778,0.12413207181148578,0.3722411664001315,0.7719039618994187,55.070628217242565,39.16318290554068,100.23133871548492,513.7384734195984,26.610136853730857,2.7808692612005603,0.003830290500322575,25937.363319231434,Low
20.64547229590717,79.43913490857022,0.3404580283744165,0.17871577280705137,0.08158766487633146,0.581384175126603,0.5314103401480069,55.23208496259478,37.552686352844816,106.20973260049948,171.12048252948952,3.900642076281813,3.040185782826187,0.23812484325399874,36649.79062899401,Low
20.17711067940705,79.37694442942491,0.10565765471093636,0.1949454133851245,0.14580406796381523,0.1378025203083754,0.4898149102204672,44.6734667616453,28.283805468407927,162.9060435558127,352.5375590673232,45.55667819901088,3.072767668955006,0.9384476404104076,45078.655105928825,Medium
20.940458584352914,79.46267978566961,0.3105869503866832,0.33963826344840603,0.36783131148007614,0.28284037413068563,0.39104257246632534,64.26158649963143,36.89157255517682,185.30516605030655,688.467512435417,89.09738846907038,3.1037510861353237,0.17108596685716204,67303.41155148322,Medium
20.953928577002586,79.30137787416415,0.28297905583752253,0.30676503319649073,0.06386810669059334,0.21269063400338292,0.400261033401101,59.044470838366564,29.898430654898746,45.438827740826994,381.40510941273925,56.94972585185759,2.1138190319037875,0.11324345163981986,26784.75176085643,Low
20.914864390220448,79.74760938017626,0.2812765533932156,0.31925671277446893,0.2831227340333959,0.19791654206713502,0.4786335026866566,55.42288688191753,38.90634478556086,28.18575308548957,426.06997282251297,83.23910417019079,2.6529512023557213,0.5701872157998045,54551.05141200323,Medium
20.370158700255445,79.50272039009248,0.3034349684350663,0.053860942550026526,0.448175006476524,0.17040147444633805,0.5875008649252751,13.336331300827638,31.354591568417653,248.6959696177144,650.4615869878452,99.16243429612281,2.8886114254619826,0.8618438232948299,79794.95204186163,High
20.015456616528866,79.23221269514681,0.27830719728289965,0.19565389936291655,0.3922784375350158,0.4112068207829983,0.5915022673272806,10.41267773317896,30.30699319579164,73.52752025057691,544.494031726166,16.361620413827627,2.9083122141524167,0.47710981769392613,61314.971372157284,Medium
20.928318562587727,79.89957457327456,0.23786609648942464,0.2184704530723633,0.2585782756174358,0.49066092787365256,0.2201857353938147,22.746836631728378,43.368247887207524,32.381020728945586,470.13857211832294,69.17776391419824,2.728059442364005,0.9945642566845248,86814.38565465328,High
20.428184148317314,79.3838912213732,0.08937346330471627,0.05671729688806984,0.07545636371465694,0.38914919971018036,0.4500789264536389,49.81141563480713,26.271977497267507,63.67132569206159,588.7925747375898,67.42935737000246,2.200144802220409,0.6791716995379928,53765.13652384791,Medium
20.96665481904367,79.543552861114,0.05975785384737558,0.140934623060762,0.3825494057542839,0.17348135479410484,0.3883706665238714,34.671849332952746,23.011183499914136,28.960304660146768,625.4014465507853,97.99554473582785,2.9569046647299975,0.07407490721044774,50188.84984633435,Medium
20.96361997708925,79.90647211096454,0.326254354344706,0.31610143809274727,0.28959140327088423,0.5055618849667355,0.7093688763885689,34.1443755579587,34.61357783148645,110.11650576194948,401.2884394554968,98.56007339528003,2.8641336002179347,0.9928321316819754,81072.70464998017,High
20.85300945546736,79.62423799591399,0.2349950943562214,0.09798839700514968,0.09597319882382674,0.4179773535818643,0.5419932448528635,63.07521329377683,44.233045307104476,204.5524104238046,411.30960071250945,68.66786117241294,2.1033629258588435,0.40789423678019043,50194.899525523884,Medium
20.294448892069585,79.11689804070836,0.28896118729285286,0.2373585460084071,0.08754291392934249,0.2940828530634978,0.4727528464911873,63.733770887910325,29.445980343179667,98.48622344427574,362.32801460850965,24.361479198219428,2.5565717896092517,0.28740253384548253,39898.72110389739,Low
20.385097728601924,79.93983212361347,0.19445670545376503,0.12532065520603314,0.413850727774637,0.4370651477680315,0.18077624952524218,64.55051584321515,21.55091909071954,122.16218358202431,681.6883770101533,79.85558381305991,2.2087728794261645,0.5578791835778856,77048.0136440148,High
20.85113667151686,79.62770805307142,0.08519245668871835,0.054242271125362646,0.3176801051752314,0.22995248962141643,0.5239465225263881,28.83268459090164,28.482631682739186,175.3849579205109,533.4414398596928,10.70291342110381,2.4049724548555664,0.3043075918208643,45540.225183849514,Medium
20.31692200515628,79.33490561465709,0.08755573766076513,0.13442051015983952,0.38171471972670223,0.27259610424710523,0.1820427339761634,51.46334876435571,32.64829135798896,137.04563611607244,195.77268641443976,78.06993041716287,2.0216973106468226,0.08645750712015232,48220.17144137778,Medium
20.169492746686092,79.13927207266339,0.2556695861686914,0.39155581421851887,0.4015915601129069,0.5587429215659951,0.33604460289602645,26.29799087646218,24.048075165805344,218.13250778490456,624.6277928221601,91.01961241446965,2.4803958420929098,0.0014283430791767193,65734.5320998226,High
20.55680126245835,79.7940251892703,0.17909176846983882,0.33053798915904636,0.2787089408193289,0.2452522528357102,0.1999893753700323,21.436589984466988,36.4525554514123,219.188205260524,414.30796745994746,38.28333947684352,2.6598523053874525,0.4495833529202623,55930.06106363826,Medium
20.93615477416078,79.62007275592852,0.11015741801010101,0.3858518255123617,0.25697854070201653,0.3349941340789683,0.5844515529170583,21.077947440842152,44.94373472525501,22.279459962965337,187.8146485323681,63.06352949830804,2.7434991113925045,0.8368634222265923,69718.83801944002,High
20.696029796674974,79.53346109197632,0.19747836402243107,0.22074891537422686,0.2221709641283961,0.5450705686980073,0.24437647968530685,30.526457251815643,31.293486899536095,198.9506504911358,452.34449033982105,43.01427320968263,2.796188414154452,0.5723151856300766,54345.1587055043,Medium
20.570061170089364,79.89389258305096,0.06926268112254022,0.08840766953712623,0.1767786351164477,0.4538606751337637,0.3743015612316182,35.7974571867893,28.868213918255314,125.96872805558499,379.44035343663614,43.776505498812845,3.003549575722952,0.9992072989434408,70829.33557809085,High
20.097176493770768,79.78859721122453,0.22459142057431963,0.24178582114079256,0.22383838434348474,0.13110161308235138,0.7269723443331451,59.8569502633041,30.017604170861667,247.4333244998425,632.7621726744437,31.037088910812006,2.258555488730876,0.28684664564719997,30551.15528052852,Low
20.61500722669917,79.15167487973275,0.1306980213305293,0.20903206709598632,0.35955186229206254,0.17365152213948518,0.2430214683792792,17.193465608362725,22.87865445988003,131.1433774513501,262.19703198516305,76.21296204503246,2.1445781869261618,0.28045506476005533,60613.53690341125,Medium
20.990053850104264,79.31172206779554,0.2892677301911564,0.3455249789588656,0.29076937240605266,0.10392079538595841,0.45546354477114537,54.09555084369365,42.081840035655595,246.9860674393084,604.5555352207007,93.61765641665052,3.0218446062775106,0.1597494602339442,48353.43913710915,Medium
20.140084015236525,79.24848913981447,0.14310858767707213,0.08432890327448561,0.40700931598193846,0.41546089511458173,0.3934901628162154,41.88729485135832,30.3706413880338,193.5509530773194,456.728780151999,94.07508592344611,2.18793537787118,0.16406358826533518,54663.58929714128,Medium
20.518329652363736,79.74394629257267,0.18656604472454036,0.22088439795762238,0.22735200575167508,0.3238367127052092,0.11268682873201082,27.27672056055955,29.681860285621035,77.17912346106046,180.03566676740797,17.478128487493382,3.1697120976034343,0.2851865960100478,49579.628141847956,Medium
20.877373071927956,79.03353243473578,0.053486161972430196,0.1025170326428945,0.29283583148750164,0.16713742545113777,0.654930679500969,39.569175071969475,36.492256823261854,143.83084523600027,684.5149157290166,87.4743649656566,3.0110458752783646,0.7928400452735271,63717.03489116913,Medium
20.740768617754206,79.56988968487131,0.07173406633836767,0.16363657441152102,0.3025230212367955,0.5789670605283852,0.1483321344202198,27.996524186621357,31.05083552327809,248.19119708007403,431.93838425675995,73.74314414271221,2.601051927067519,0.9057567906364479,81315.79691868507,High
20.69701574099527,79.7624586857407,0.16774806692200545,0.3080749770857299,0.2866788649225302,0.36482986197281,0.4319785146838676,45.76491731429836,36.205836720196146,217.23203978294245,309.9822698273704,25.283740069028926,3.1777057099064305,0.9750871697076813,75025.27171917894,High
20.70248408398711,79.87676563676175,0.19398165041513704,0.2166063452790683,0.3310535092342065,0.2209466470564446,0.49247480645726505,36.03063537131465,21.53615725326969,42.39438557198085,408.17376309409195,6.728461292151455,2.116852074929605,0.23228965409645264,50051.081800427375,Medium
20.359491151219757,79.34208174871591,0.23000616443579114,0.1815608998010193,0.14497338734992252,0.3503017855773538,0.539898519630211,19.864331744732723,40.34308359305568,182.4655592662991,621.8217809346189,26.799726688437797,2.363678913410122,0.8812975456140917,53852.99029809183,Medium
20.293591844264494,79.82125730467202,0.13749877361279098,0.18806669749951238,0.25494551101831625,0.4398101663675539,0.582042140515513,16.994984473341802,43.512598821985065,99.483304750287,317.6967184117849,91.22082367815256,2.7658692980487336,0.32825508927733704,59692.00260644818,Medium
20.809361155478513,79.11063173695521,0.25849456583796276,0.21080636894209537,0.09168992112333907,0.13811960898678224,0.27729066846590056,42.80174092432781,36.21913465398465,21.605920232480067,255.97201806768516,63.31786748957723,2.4200082421678144,0.11284054451688441,31718.850400106967,Low
20.81011339467918,79.84645229173452,0.30803671915676134,0.3247557903429699,0.203804531057925,0.237351907523946,0.10698514366091456,64.1447819971662,43.86414822147027,112.8006228762099,220.98918581198478,72.10546608978719,3.11404706237695,0.8700249255201656,83173.72940400496,High
20.867072318580103,79.12748866233198,0.28395529666800495,0.36222964112908207,0.24506682744850578,0.5034827454419968,0.6064105636484384,30.63746119346113,23.785807859249083,73.9935169967434,313.8226691146162,25.715235110909585,2.0787513058133813,0.6361056346436186,55669.385013833904,Medium
20.91324055255647,79.39728729056037,0.06188564760450715,0.3843671402763749,0.310889703818189,0.32983243520133065,0.474959619543305,53.980006433357396,31.93540473700884,208.33993221970846,579.0264478720239,71.93881555748203,2.6592941984731575,0.16473089608106173,50302.26371516287,Medium
20.511342398860936,79.79729536577955,0.1941520841773487,0.3254161851893533,0.43021242103448143,0.37328857101614743,0.6852823922450741,49.51968129638602,35.04516834863618,97.58604003452606,409.39450085739395,2.812150627792376,2.7090395208741374,0.42983125751300255,41033.591783242686,Medium
20.5015162946872,79.14991742734877,0.08147905352545246,0.16039241351180447,0.29026042661934237,0.31640800110473466,0.674971854030486,65.89329485856885,34.543416185529665,210.33044960937792,275.114882031447,37.53213457730138,2.783273748532669,0.28725769487706765,42965.3437695765,Low
20.798295178966775,79.22925139523264,0.12261350475875823,0.29084714713028975,0.3474375664706239,0.12194997132150256,0.6903283174515182,59.25886103794845,30.03654447722608,20.13752593200292,241.40174978536206,62.67533485423312,2.3067994679981774,0.736794568710197,63292.00817240299,Medium
20.649963930777766,79.72225256839306,0.3459987779801439,0.2031610934193872,0.25250642379808114,0.18287488991007797,0.43956626198567816,43.99631553432778,28.452110234156535,90.7984045060074,333.0012120807085,14.609656554132023,2.4374797130238375,0.45341623062426806,45473.80246251359,Medium
20.701966877257703,79.72003653654608,0.09274866287045397,0.1391347177161179,0.3036416125505325,0.3227708193709454,0.333539877085806,49.42182989404644,23.17060056376047,75.46799929078524,666.9584050871399,82.30035744469347,3.0124166355979733,0.989279945106385,73313.6003459698,High
20.7957926694361,79.64114763288529,0.19966644603540684,0.3443050527990729,0.07837288645350937,0.20459273270396391,0.654090741813959,63.90318799504209,29.793561264056954,73.72049304578053,338.6646919245134,23.503129881191864,2.233931322764192,0.05474498225959512,27479.21526181223,Low
20.890005341817567,79.6939484444671,0.23544672029543573,0.06344922213681375,0.1517566323367388,0.12498951432983937,0.4159058791204785,33.97112707521609,24.06652037763713,35.68292254605642,693.4682417750495,65.22811128184462,2.9922414166080347,0.3550152661362467,54818.58417935849,Medium
20.337995156851537,79.5427244433476,0.2607394911632312,0.36561669724739826,0.1947412372820555,0.5218248320259119,0.22840953748240417,29.607682351466643,38.35914191230546,63.0385821944154,416.8767506709459,40.51971425753297,2.675186507483291,0.4819001671099774,51471.00422078294,Medium
20.375582952639945,79.25179905890695,0.21789460504607422,0.21151711261865697,0.23899734200260542,0.5905962645820579,0.6984818136930321,10.64866501811178,25.22077338736475,147.77640107369257,248.540155059583,59.604359547764716,2.914625013432899,0.5031335547483198,62176.38782452173,Medium
20.09398193984087,79.34569599350392,0.0529312542257551,0.2730205168828982,0.0682594982009535,0.4965714369983697,0.7177919137406431,59.593064451487855,21.464132632113348,87.01304675268123,640.1270504864301,10.745055262890812,2.856328839516166,0.3159358223856368,32538.373846187566,Low
20.578280140996174,79.18159771680142,0.14793839247319757,0.280773872772024,0.10600963902132708,0.5268924608523335,0.4264168292981191,58.058842024201894,33.80915344543086,116.00079993570402,403.1954552241548,1.6912799921607324,2.2490137944618547,0.729240249097568,51758.36126966108,Medium
20.035942273796742,79.90845056133362,0.2053134930154134,0.36329120924728775,0.16072572311652233,0.2209885651585227,0.15298980911685123,16.26727108600908,34.880743317985036,106.67938247985336,540.3192389274884,90.95644273803012,2.682575283720648,0.8747470734889747,64011.24578273385,High
20.46559801813246,79.58339179476611,0.07635994974345,0.27283438875852256,0.4386130763604203,0.5803134877565999,0.37147826294185193,44.61144286796201,41.797826532012635,221.45813274997576,691.0413707650334,26.96300087671828,3.041267783366111,0.938719301977863,81623.63910229523,High
20.542644634707578,79.40085141676364,0.15518807936275422,0.2648767546660216,0.18253880284122032,0.1984628522267142,0.6624763616238224,37.83890189001325,34.42454031044205,228.21876977241857,177.5964426759857,81.96770027804591,2.518539484162315,0.8050933767995262,75752.23729978928,High
20.286541252128284,79.46200580364413,0.059960932637409974,0.0733282141962415,0.24281642324483305,0.5757149051809162,0.7312418199823602,17.122545730546687,28.637021343086143,133.38010348084782,203.18200788316193,99.93503004722002,3.15990892426798,0.8505801973065994,75525.49000353977,High
20.59083326056901,79.94728333961181,0.07357354914650623,0.23144280768082143,0.12843908509535717,0.5974096469829755,0.2424309197483171,68.83409362364341,40.07529703815801,95.93586857258902,546.2512078045158,21.143125799891116,2.542658120122062,0.5505453006199955,60922.301235492334,Medium
20.03050024993905,79.15335140311608,0.1690769828604788,0.10255915028596459,0.2943120284303073,0.45586140287302435,0.1468815284176901,22.881753247801328,33.506972329685524,44.56416192054364,305.00375181250956,26.51707411833556,2.1713427640014618,0.8258882264268146,53334.137596417735,Medium
20.037348188749213,79.5862298320168,0.08981472621291811,0.30810181905252,0.16227328620638973,0.5905718658959109,0.7141453171929871,14.034050805433669,21.982007115779794,239.28266225788184,251.3657683225545,66.28597876346657,2.467321616093208,0.3035039091479522,55945.4868850077,Medium
20.82260056065966,79.50588867888446,0.22026225447846742,0.22927767228443607,0.13279703137537072,0.38476988978355187,0.3725834572852127,45.69084277011457,34.146264007831164,33.85219732706841,171.64903390085124,96.54486346006212,3.142042887668645,0.3984787621092144,71872.07775779066,High
20.36019064141126,79.61145423543465,0.25683949074117973,0.2880797227229237,0.25662905137839165,0.22977089158804517,0.47923267498729427,54.33200062798196,42.70046363554156,88.4595638407045,162.015691592411,91.58143481907439,2.3836650192078253,0.3169130138185443,54000.10896968306,Medium
20.127060512651884,79.01811018382084,0.29017600973272484,0.0645855152108345,0.05220231966416833,0.3184979428328104,0.7776460684355313,11.946606762831218,29.907815637455514,88.55522626910096,575.967081715885,50.28755200655849,3.0417177918404756,0.46738733544792543,48997.94581396338,Medium
20.522243260054804,79.87212390894415,0.11004507327344303,0.07967720561603113,0.05306561305969013,0.396780467689393,0.146595309539956,49.52305832362133,27.408145047495,93.69229581224943,223.9383850532525,79.51102825267246,3.057500818018268,0.28557961623863637,66075.1121884701,Medium
20.76999355309861,79.93211828248361,0.10024477467772093,0.3007131858219388,0.1376275236407431,0.1365407810135075,0.553822605216467,41.93751255708727,23.5867364254505,57.78597395265413,407.246338784133,13.574585309990105,2.4202238291983535,0.9616114422544468,46267.25299120616,Medium
20.215821027496844,79.56513318358921,0.08137035210032008,0.07522951759953568,0.06468854500032846,0.4111716323086231,0.15187379580240695,16.195900532502904,23.786138048383933,200.12712911245035,483.24324834871567,97.74381842040123,2.0999091896607585,0.31284462800566815,56085.071591178385,Medium
20.622890475819002,79.6966508238769,0.240929074863091,0.07493985471784051,0.09321030165227656,0.5905889183811472,0.3628282499265503,20.35143261678172,30.819287108545474,48.17450825217752,385.59349031286547,96.43532340359864,2.869469490990582,0.09804453811093983,51204.34499604875,Medium
20.085347464993767,79.92249938117729,0.2619427179460703,0.05423796633221061,0.18554425973550065,0.19505382489186382,0.6626701816354128,44.07845783896483,34.891995604038236,166.02853160522744,164.9086587849282,16.372895787917095,2.373814758816783,0.5268171660504134,47250.07096132863,Medium
20.051681721168606,79.7072386343134,0.05947584344769261,0.38477548940481804,0.37103427183192517,0.49629755814419163,0.4034305629289441,27.7814568107973,22.015385129240045,48.48458614233802,580.9258264233499,29.94231248031066,2.939508337109087,0.057099078445176366,55992.81134858573,Medium
20.53135463156815,79.15253904291426,0.33086367387310694,0.30812792581065246,0.27881945734772035,0.5539493968898097,0.7980276477320654,66.29894371907896,43.48921472562914,36.22319664638,155.78227349790942,10.015499750676693,2.5311858179125197,0.11054316630858052,36451.65897081192,Low
20.540635121610105,79.57628836016681,0.06559138509544173,0.17363799297572247,0.2550670903825666,0.5718507964101104,0.4913414994626215,59.124413769043045,38.878340436129896,229.1687858477516,569.0394419076163,27.17175988981797,2.582320090811146,0.2193893891962463,47758.117953958106,Medium
20.637429901498205,79.60671504638286,0.21238890059032112,0.15378745345067935,0.16739552928324866,0.5800678022027236,0.32481350684516747,69.01403239081978,34.66559795709156,63.729616253302304,641.3174715834675,81.59557894152066,2.9334912880982444,0.4643502498821417,64658.79118421218,High
20.72609133372266,79.42413067130238,0.2627181558352749,0.17239613041104734,0.42270148777312655,0.360729819360736,0.2540779281333272,25.58025033702484,40.710966773474766,208.887535548732,388.06195658144475,37.83156071652595,2.4588359972739537,0.4332509323090279,65117.125000547356,Medium
20.975852079462534,79.73644423562472,0.31129073712382566,0.3211287359134137,0.20880601649487668,0.5886539539957518,0.3453643740003133,68.18341796787863,22.004668920302834,145.26510035464122,444.548360203789,8.839696714675839,2.5317528143874974,0.7996918620027912,62929.25775327005,Medium
20.516300348301197,79.93436701476901,0.26422607963972833,0.28147971387464504,0.0848371067183086,0.4786551035672194,0.3607732916316856,35.87403218749347,31.920971943328112,37.90699951001701,412.34086593970954,34.22255247789045,2.451428562523547,0.7394746538841134,51477.34494140615,Medium
20.322956472941247,79.92556851290678,0.29051842492093755,0.11481844875361379,0.2968266064471205,0.18083571811848095,0.14809957440677268,30.85112771882528,35.752328171541585,239.75308403075553,364.06474024289133,98.138333424128,2.4408086183327358,0.4263182939907013,74296.86467503829,High
20.795186194768704,79.45083937140413,0.1518350577628418,0.11093826736692952,0.09553535739064056,0.338450053233985,0.3587019395987412,13.020971618161195,40.71632265295723,76.80106840813528,638.0834944536982,62.96835952592029,2.631135892281751,0.3337042075756299,44040.45280969446,Medium
20.270832251262075,79.11323804584076,0.29444753412395364,0.08443847739968907,0.18808925712067687,0.459165587686002,0.42496696381745747,13.165915471576158,39.58673900123169,217.7184294310995,641.6634308684947,41.61609464061578,2.970559333401381,0.3164687840614986,36837.8856885297,Medium
20.438971420705634,79.98484119896233,0.07403445391540255,0.2811059518954684,0.25296477548712354,0.22367015790954167,0.6059164265671633,51.52067535679928,26.92673124283499,58.82630133044976,334.699000552844,16.653851349727,2.434121974307079,0.773995087294009,49101.67482772331,Medium
20.078456381342267,79.83889808644594,0.31844499681815824,0.3175304317776076,0.39968900987407036,0.42030759177444366,0.5597106393051257,37.475739666041676,43.5220042389801,216.40686289262615,488.2883647080839,98.61767972836948,2.629105664645284,0.05207240622126974,60967.87970048919,Medium
20.02535074341546,79.12466268120326,0.21427771284612085,0.14276624991375142,0.24741863213604748,0.43330023952330965,0.596135958660408,23.591297562166343,23.10864603577176,23.04262696821762,659.7991591802253,82.08490092631287,2.804872790531121,0.012821649510605826,56287.84277095991,Medium
20.962648414677926,79.92084188261737,0.2951893309887481,0.057330736360819486,0.3309035064126657,0.18134987190428295,0.10585457731379998,46.83821837951396,41.87834046552881,137.70950501098054,679.1321744177434,28.14773024509194,2.323327335564386,0.795544391926648,67265.77012657067,High
20.835980120512207,79.86989636206212,0.18569548535549002,0.07876008361674958,0.4471267355996282,0.3825426562263782,0.25236717970637523,25.17148709500667,44.273506240115466,196.97179326695806,429.92747223212615,7.006869572118946,2.333027365882871,0.4771463759890493,60595.78483028924,Medium
20.695974206093698,79.51883805712608,0.24307330855895748,0.3887510121957607,0.10259564795919265,0.4858134554893039,0.5631790018798996,44.65790526066536,24.42883808056564,235.00296902334017,399.05364290637976,5.662555737755803,3.1200957524281456,0.13088113855357597,27473.292726040032,Low
20.40895294441427,79.59127543574493,0.20792079828083398,0.1534056721170971,0.15989261020780782,0.34944783226797094,0.43879255772582304,31.55252481896142,38.051651605094634,229.116491327492,303.28187376068917,12.037814950553383,2.8682414879973064,0.23556593459450126,31486.764731950043,Low
20.173294320070845,79.39900270387012,0.2694768565265996,0.31922810174334676,0.20783043023905856,0.10605155838805372,0.10371943296784217,59.413133596709145,21.00713796944996,208.51371999595833,677.3795302547255,58.07685836144216,2.692624011467971,0.9325039530973825,68386.05436481994,High
20.156437042671087,79.05476163882203,0.07448899460917688,0.26863224909899236,0.21873127141553256,0.1045192345396461,0.6631462497022756,59.24176964600676,30.135570628478874,224.28401042209995,228.54786746007704,92.87634212054924,2.7772640653047347,0.859502975624898,66476.30776287004,High
20.250242898164597,79.3351972416459,0.06810562519716915,0.18367887387851356,0.2144084301062183,0.2785146719850061,0.6409667013032362,38.641023887344076,32.90708247994185,65.82052774252759,468.9062668262487,49.674342800598446,2.035159331724102,0.7097850502239725,54028.801467351084,Medium
20.549226664706122,79.80285344859801,0.12413097020304394,0.1219905417684443,0.41304440102262197,0.563097034215891,0.4838934140954939,31.049146560100937,34.51613064774085,85.36238801369761,305.4026471352514,84.29454824561972,2.7417235586740363,0.48222523033732656,68736.04710839562,High
20.714595922700063,79.0046320230046,0.0978634040339565,0.09248524635579225,0.33561305778674255,0.2143383898018044,0.1465243280433905,31.753587793545673,43.398431206213985,86.46276073184346,303.4545596912881,44.588661985980785,2.611410647869042,0.5203236261913857,61322.032437732334,Medium
20.660197376717733,79.33349917169114,0.3115350699776605,0.26525453881360334,0.2931620856362815,0.4171818444358436,0.6365605346728093,58.34287154009307,36.806267182354865,106.72240413039073,372.73272305690364,70.85835457678252,2.6548996157353226,0.9752445352839586,71346.00213536694,High
20.27993389694594,79.39816869359095,0.1157641962074133,0.3211218232232258,0.17374908714511283,0.2110379353466603,0.5085995114119548,29.69076896785672,32.031948780480924,110.4637541885934,699.33611469861,73.18727372865008,2.431308592196981,0.9657704438842871,64599.270431492514,Medium
20.954865280663196,79.53739560293792,0.34275957674573937,0.2753664887393958,0.3795161536885179,0.26083499482977435,0.6473719840105715,22.543562422410762,40.24187590664724,145.24772467057537,180.23146876190214,17.396370590333866,2.09776867725553,0.21526904578583428,35994.49461983617,Medium
20.737896916695767,79.91985561641276,0.15106873753133204,0.2356057466372054,0.4320242045939956,0.524021044800742,0.6262228946770884,15.08130051251841,43.76332052386022,56.772345574281516,468.1980000119423,36.121605897581176,2.2320070803344625,0.8111045663053181,64417.019127894564,Medium
20.5543540525114,79.34634599436596,0.10463537470660979,0.0646829282010727,0.37847931302009064,0.4644307211349734,0.6621014503704861,38.0015872530645,20.55165371705727,178.98673267077754,195.41468691940244,63.73021565380239,3.1408936558552063,0.1972426661670168,49392.0096531595,Medium
20.61172074623435,79.34695320189623,0.2869095521427437,0.38897107215803434,0.05062604207658916,0.14769963865660532,0.46260564648323743,38.927925935190515,44.56303180640097,58.540304040036496,234.98645649478544,7.069660818436619,2.490439474725121,0.2135374778839514,17035.45594037304,Low
20.41960006242779,79.73750124810975,0.24761233265026283,0.3295499670791011,0.3045605480733628,0.3143510104932168,0.1982271627354605,60.45452262417443,22.153303476592008,91.37095088404594,391.7596179750943,36.15401877629566,2.560019786997037,0.6760930341645768,64584.96361317988,Medium
20.247730989501157,79.45221794088981,0.1994587149359417,0.1524877128453377,0.07045415257684029,0.11458488182263224,0.5698102313657821,23.27432178676384,40.35966948171904,135.7693800394154,430.75307224054274,53.479946628119244,2.063251747824127,0.4050010985875484,37006.29820383167,Low
20.355972678651263,79.22460482293998,0.21660906528128937,0.3929896152755977,0.15304288813348876,0.34044507330150453,0.5343316495363795,32.859476420103995,27.00836881378531,203.1813291503998,292.3358246004882,99.62244930446387,2.0450794754527766,0.9315444071065202,82078.53985085842,High
20.75784611046437,79.4524395161327,0.26576053348167916,0.26065855637271274,0.07380988013910868,0.431217005850534,0.619577231039361,58.504344333621454,23.304491443846793,190.07792364490726,324.0514219809289,47.45335626224407,2.8606177364561094,0.08900973489600883,40531.52930692729,Low
20.014393488629757,79.1408570203798,0.11853642239938962,0.2538479303725363,0.2915181811797551,0.15925131179907578,0.21891670423551474,59.41741664493841,30.996390992845875,168.47290197442013,197.83186114076318,81.60567571143235,2.645713596945334,0.511525640809493,51910.940575908244,Medium
20.116072640506918,79.17638698650623,0.34890017481702257,0.31182561280033627,0.3246359653970427,0.24444246945458284,0.23648263993020247,33.076664558726094,36.09891448619034,55.82784993343914,316.7708811143378,43.206728506661776,2.61044718105952,0.9185215304431212,63055.65081557653,High
20.046002642021755,79.49836777273948,0.34243794864403493,0.33411942583154813,0.09579505522636206,0.2989183127510785,0.72328666205353,37.547441397200856,29.523796125586877,145.82042949158287,681.6071416592993,79.6390722619709,2.2917494365072026,0.9041136604795051,78518.55770332314,Medium
20.04072880231897,79.41892544950454,0.2450977059040811,0.27976751256602594,0.20353555321799183,0.5597655123280249,0.6249844589164496,28.197153450956975,21.364135207067473,40.112695413973654,669.5890599198649,59.54148016201084,2.893700877955907,0.15652921341574122,43105.02920803506,Medium
20.855460584011006,79.9148459010681,0.10986273527874355,0.09483351122817002,0.2324946035822168,0.596627507711482,0.7357599420902261,65.95329270515873,34.986528491467915,106.79353066322967,334.18305957534176,88.65954415023984,2.2018838949301904,0.36663770009645646,56600.390878351776,Medium
20.703657859380023,79.36239389911664,0.2540684727293874,0.16839362709807446,0.19762120870436667,0.12245564949780793,0.6311007248147446,17.118625944494816,42.56008190276687,115.1088019666906,463.96966495331884,41.09425523501099,2.227921692393224,0.6191214000466962,46850.53611496002,Medium
20.474173829087324,79.58058835027805,0.07165952269375275,0.37482927411411743,0.09841000019407722,0.48050396174769605,0.5180087141932114,66.0249653800882,29.58038414868129,29.156631072523382,650.2774651110194,60.43044198214788,2.552854605617931,0.15939488477140218,29046.48468096685,Low
20.097834160651,79.63226428791953,0.05919575066174182,0.1286154641453482,0.2175791160749902,0.28586203320117165,0.5578929159195116,51.031987110120596,25.408319440770676,83.01726287809352,153.40110245249318,63.00186806188274,2.343535834534329,0.9680221720457387,59415.61862250371,Medium
20.491615875116832,79.01309445658833,0.1273048665533641,0.1802584583431297,0.35047121912336726,0.29622909311474,0.722389546758007,41.89432916120387,31.064433648320385,239.79937747129256,595.8759636856755,41.73829418004733,2.2969555774797756,0.9147493287276603,66667.15866216457,Medium
20.473471770780566,79.6635373720167,0.1887868870217949,0.20122690903046864,0.0784030658133022,0.4771324866735114,0.5051647281583584,11.959543647069752,21.20906777621952,239.3354998008286,671.6032540339055,14.431204368748151,2.774285173463998,0.16695017903446918,26257.532135555746,Low
20.173201869910017,79.17803596686976,0.3104817516225141,0.2037917463930583,0.08207200563276137,0.5592132160727044,0.5426739270298713,38.5357715093205,40.51218961200687,101.03522247808404,200.22915388345638,9.355940691233556,2.7811660942622534,0.12115546126098542,24372.57699499031,Low
20.433851649237972,79.96107031746945,0.2681507209298924,0.26452885387308395,0.19190851673439369,0.5754642972512742,0.2095337012025204,34.46488630016394,40.65852027375467,29.913025058114535,238.79622731810656,1.66715505996331,2.989420483759915,0.0854084828082653,30904.191365338902,Low
20.398504734397374,79.14866272775312,0.27281195635999433,0.38007654321064765,0.42669028464757003,0.3885612930191604,0.43174485408127194,19.673128718507353,34.70001158574071,61.19183604548176,678.4104665242455,87.35342642452146,2.501250280367571,0.9094436640366311,91655.41663555408,High
20.615850098052217,79.41462412372702,0.17764800033442263,0.13424244914137673,0.3174290586891656,0.2785605796502514,0.6014779783706693,49.38457621003941,28.82757222345974,110.21009248971423,445.6470790021905,23.647491223869455,2.08770210923138,0.1936238097954608,49128.48939886916,Medium
20.635093650867645,79.08534966807865,0.15378049776408886,0.09252548170532132,0.32146798266902593,0.4937745429293896,0.2896598888214558,68.26905444209714,39.99458411114458,237.98933053292285,157.80814895944803,21.150674928176805,2.3283996619057494,0.4162849285443547,50256.13995807196,Medium
20.045304009772046,79.99687425184595,0.1613116288953808,0.11911467145097807,0.19476799633514602,0.22550069163115014,0.24157792636717446,43.73132866387151,33.86717561970918,52.475784613552534,291.69759931994105,73.60354004260655,3.1760065558361807,0.448851365652003,54065.651603918835,Medium
20.37461261462647,79.50219501033125,0.3462948691208173,0.36042371507324433,0.28746431648341536,0.38203701441675886,0.3196787657570909,52.88519658663675,40.648307713750405,195.60864404368883,397.4690208478728,32.00161130873917,2.7155102902792425,0.5990110442135675,63477.361036245806,Medium
20.625859915714237,79.59538501732004,0.06203275742374475,0.27603378442932214,0.05405247361109736,0.2792892307624366,0.2690504395949834,14.107027153961006,35.78646981457551,44.99698405617917,531.0999010636222,50.60446924118366,2.8516845017612242,0.07173534374742496,43815.39021862518,Low
20.50313625858009,79.06707647738843,0.3101094488367345,0.15006737623370606,0.30443841856381687,0.4283155368539381,0.2504388459254771,35.06001974901969,39.61013683031993,245.68924279999368,553.2382079752398,16.25110652974563,2.0088293955504977,0.22675861740051595,40821.80268160268,Medium
20.85648984118832,79.74996047039917,0.22360262257171803,0.3355814286390161,0.4153147790304947,0.22019945644675346,0.3973955900076609,16.98150910986975,34.964074830444,107.77179479510104,697.4818321090008,95.97457214619692,2.621846878619025,0.931490386918926,66409.51980732409,High
20.658693631618945,79.20990559309558,0.18158462575687712,0.35147949872720263,0.29502938733792766,0.1957964728674129,0.7354869597184739,46.76775013219063,30.353526705391655,198.30394394678288,308.1311596610675,85.15814000172374,2.0450343890381637,0.9084101072685695,61330.77262496327,High
20.16293442708143,79.89805428944071,0.26757729812454095,0.34628001854159735,0.399479437386538,0.5591195433377185,0.4549417527171028,66.30892949284927,43.94864649815344,98.79594904656032,446.02105602766136,86.37896229650033,2.6830762545097375,0.7812906474056922,78163.49004103629,High
20.07056874740043,79.205139640482,0.19600068242741087,0.37162428677384407,0.3395892221864375,0.15090184147476846,0.23154426657072613,49.70666394829831,33.52784562197112,164.363841746526,443.3279513227828,40.67737485720052,3.1049250195632907,0.019401245618215435,37360.28875867755,Low
20.642419278206315,79.19068772066366,0.31202697142449815,0.13828435706067657,0.09822336656147611,0.3529789538674658,0.15388016856661185,14.60818289886529,35.12723796351346,64.16369949020844,373.10489269598065,76.23612137071729,3.1621029566004895,0.3270067684961021,55392.776477598214,Medium
20.026511310541622,79.03654966784809,0.32021055920337754,0.31426467506119743,0.4109813229143367,0.21042639148150447,0.5873093015965477,31.27997229910497,25.512190985368733,53.584834438301385,243.0390416133311,14.387615538978016,2.648663210466709,0.6279587353429078,60116.24975561411,Medium
20.585775581273463,79.47206694511,0.17651627806203662,0.21118882404594902,0.07657753774230996,0.11946498166283373,0.3679591351054715,43.03980276645109,35.64126973568191,235.7547521006702,687.6011097511134,0.8619002591780278,2.549845766302659,0.2751902117734757,30985.53399137009,Low
20.940230241424956,79.56484113326262,0.13304833917051548,0.34469949351152157,0.26358698901910554,0.1180094091457132,0.6752816626097515,34.19246536799513,34.2901912370736,231.05887391801969,619.3244526666224,1.9972932578028124,3.134020513098193,0.9095866950537773,56690.418210858785,Medium
20.57547417787588,79.06570863942835,0.2277050985780087,0.30497173700656466,0.10685484951738307,0.18761088605291368,0.5616575380485391,60.01864062851034,24.620959948675623,224.11785624896294,424.08316556183047,58.660173740456045,2.808331798396034,0.6338894618324419,53732.455734032264,Medium
20.388169926206523,79.77552761669502,0.32370900368500727,0.32175660627490366,0.05468264429236163,0.5333851772530002,0.657369015378958,58.88026028259935,21.489677433828593,163.8496935383165,481.7849824762164,45.53949052479408,2.0778791354460915,0.0719067173164456,31659.27038789613,Low
20.643288218442354,79.45328883474802,0.11319865670169997,0.2796566431883751,0.2188137040510556,0.24123937198851333,0.29036222759291413,46.70986120619329,35.10898299286928,205.901688579744,274.99357945781423,51.801534890851975,2.5588706932009972,0.909005588835703,67893.73986808653,High
20.458252890491515,79.52439026932758,0.23688997506904486,0.11210006931439742,0.1680162830616625,0.5752295852876479,0.5846512457227407,32.40747670796232,39.092306733758015,35.87849548961623,449.0828887154608,0.7463140417219405,2.2882940221571646,0.9577666581762225,61431.03956445053,Medium
20.545616789315936,79.44076274693823,0.23946806602775617,0.24075942161392844,0.24440019751904124,0.3908111464945968,0.28484338928560315,25.32018242579465,33.085034273050205,97.00147963485621,532.2335732168117,42.268661965742574,2.563765185738418,0.07771241839172549,45511.81529469557,Medium
20.941464808776526,79.40076306087532,0.2699339067245843,0.39463440883357787,0.2808799546938203,0.318307094884383,0.7573479356152042,16.35245909278776,25.669315632991143,92.15171869414593,433.34186561262385,71.80681612008608,2.546558686407634,0.5323602348613149,58711.41081838541,Medium
20.386102637800775,79.55964033130822,0.08947030553817795,0.37808582327399165,0.06749562892357895,0.3900444173347273,0.5454619970733621,31.293861009193243,36.66304941732587,166.19842404910105,694.6568438217176,44.26937019674359,2.6985737633776905,0.30336428221417044,41311.958208375785,Medium
20.961190563823916,79.15524024593071,0.26474748940462656,0.0651108075289541,0.09920131804949826,0.3583491926131339,0.3271582601227395,34.79035103246317,22.002643165240055,101.87028789824731,486.2379109362494,73.22192063122223,2.4281245884191014,0.39283907648140237,53124.62271194863,Medium
20.905350641956062,79.18192813049527,0.3227097561996923,0.10768518550530301,0.27345695858017016,0.4793881268786626,0.2886583036045909,50.54937550624442,31.045842620048866,54.156559778046585,354.035541925693,23.30189643968348,2.1971245393471137,0.1796512179553419,38494.78141922792,Low
20.195791134789296,79.86178562101352,0.10390493266107259,0.09610507070909668,0.1872669412690633,0.24124803298642614,0.23364860955015046,49.48958945785441,24.084168959960504,157.18742734511505,574.683615188711,81.31420044817254,2.6044633215079473,0.5780721020124125,57963.05209141862,Medium
20.069361300875165,79.94611546213363,0.12126299747716329,0.30409296849485346,0.3416693950197792,0.2765251958001512,0.5862486712256095,14.206488378475417,24.611476276497086,207.30830175388874,243.75438136990311,58.84312404534523,2.9962434612149145,0.9579793532488906,85339.75529147826,High
20.100778001377428,79.37330931627976,0.34141852821249186,0.3362248654499308,0.3109166594367759,0.5470471512666254,0.25310092909854914,33.715558925869466,25.05734872895509,107.88840372579384,361.48369753844656,21.076309942990623,2.796814673681123,0.503072600271609,56485.031540399956,Medium
20.01822182565155,79.27074467314355,0.10429308581284694,0.12472897820873519,0.3882417451959627,0.5732282565752027,0.5167122861492424,20.906732033041713,29.667676426099447,50.42180447265079,340.8274227076722,23.672047585383293,2.406041439110259,0.08291458139448116,36397.81387308886,Medium
20.094442960755927,79.64399954323902,0.3063155280108737,0.22704844253314016,0.3269971306676901,0.5462791137432372,0.28524451884775015,19.40876231900834,21.27875514050994,65.23828538194931,387.4939023092775,62.8030464569537,3.122627627310629,0.6200013334774084,67771.65874742968,Medium
20.683006773416356,79.40873417109809,0.19768335693441041,0.34424605980392003,0.22197243095605929,0.3097239969786568,0.563378261355708,59.638128984234754,29.944836023227452,74.62116018895831,579.9789042607995,82.99395932124433,3.094649085499019,0.34022299445125703,58356.339441052594,Medium
20.07118864846023,79.02538635566034,0.12416932232095311,0.3064805406681877,0.31918664895777293,0.4901827515034408,0.6704578099783775,12.514913002975451,32.79268617786752,88.97644638874333,416.2951676898741,41.56277820291552,2.2512180792609184,0.8559251895912978,56594.7417228337,High
20.31897563029376,79.15615259736619,0.3112249703817534,0.2397830219221469,0.1601524697021674,0.33816786665054943,0.6446176702012573,35.15097255412728,32.08235712415813,167.8428662164511,586.7079476462795,25.83004291275922,2.0473011021444356,0.4346781483164702,44793.556315961345,Medium
20.844875310969453,79.71597222884739,0.18359157650079966,0.25662169166057053,0.1725253995112851,0.34876992607305113,0.6325959316515473,20.09221934599109,29.569602510076013,158.21746144367538,467.06889672692625,86.70116069106004,2.8895704500209147,0.1928396089422456,36752.44068234233,Medium
20.023271935735824,79.65892394191015,0.20444520617890705,0.22792619142069803,0.36559406396831734,0.20234005452864198,0.23140568398457648,62.75981294070844,40.97866520176881,180.098368160419,338.13818906165545,66.9268291750835,2.9931323136189842,0.19110562269114495,43998.58366165181,Medium
20.814468482588936,79.02709599250349,0.1577700108199297,0.1541419579615872,0.22856780656063286,0.3955651516292582,0.1618694628891631,43.422430796502105,23.633167310512604,103.37545644224802,595.4883090259099,44.80854872830765,3.161437479141626,0.7687641807211604,65083.2942411001,High
20.2818547747734,79.22197216193295,0.22788525543047822,0.24775769750065568,0.36935213620734103,0.19306794887667397,0.58926417994117,23.882838182610882,32.64241859453435,209.51945993239502,281.05931880420036,48.790019527930184,3.0678036729059732,0.2655875983073599,56631.556904839366,Medium
20.118164827621655,79.23107479658808,0.09905716177550683,0.2911098557175318,0.37896894946731136,0.2657823495335969,0.35784304965604596,40.14563722998258,21.55103542391386,66.94016206582486,273.41063888988754,20.42564679363964,2.7206417218476977,0.767233394159223,55602.104588024566,Medium
20.69673716536415,79.67189274359873,0.16732446099552822,0.3556630205512827,0.3930249350645135,0.5275151008099676,0.4026423584823432,53.88918158218695,21.778891971947743,127.8793719291754,427.4766082301597,62.680263006484395,2.636062807054857,0.20588731076659939,57110.75464200299,Medium
20.628942846779886,79.01971053775436,0.3408236967005862,0.27270197389273687,0.4166540943364829,0.20353790460542762,0.12180436495537375,67.48708053516603,34.34664624192741,204.21590595452898,293.46708527914893,35.87425105428886,2.0334092615151036,0.3216863687013094,55489.21617166381,Medium
20.877472013527054,79.10410858198458,0.12744002981033825,0.3163925379651053,0.22239408820531853,0.1355791425867164,0.28170351449253445,23.226760254725136,34.150460622195524,61.436488978502425,154.99786922316898,99.56451766743493,2.2959877362137333,0.4654869724396994,56236.24631225557,Medium
20.735071043803885,79.79991608537318,0.24702099936238764,0.10602507223410056,0.17754672732845556,0.13450379630640816,0.12357348271212482,63.170906327760704,41.95083782111142,45.268516160380074,506.5636400143408,48.01835152618879,2.5515377020795116,0.9431958496934507,65287.8729461448,Medium
20.803480930384847,79.17854466205434,0.14755701926740847,0.2115451160469265,0.28287949863764555,0.570392260251554,0.7154300408208734,66.05824685004941,33.94684189150183,223.24731256823765,431.10160180981893,48.58856061896132,2.7542046801002815,0.9317314247538246,58652.20219464576,Medium
20.282034572571305,79.65274610785187,0.2820419377059802,0.05326606693948266,0.19846896937505104,0.3534602189809173,0.2703776782529713,64.98523267192397,43.99477551012126,98.87382243461505,395.0347979712386,56.58517874106719,2.668702199982093,0.2068718754222878,46174.99244840428,Medium
20.177439543779723,79.23818278104673,0.08926209821550496,0.13633760258256805,0.2904296667200932,0.3047060359085092,0.4901360187011057,48.12486141171459,21.217371209998245,177.29012872907737,681.8326830400734,91.67560031187467,2.891163187618029,0.3582190412430728,67275.78487722191,Medium
20.750614751640857,79.09944139275935,0.3409463135235634,0.3042616002895517,0.33223434505752986,0.5054392905039592,0.1272855244627913,47.78923926608246,22.450192119518526,25.83017898070585,464.15955117960254,80.08180998597503,2.335720317064449,0.14939938845377232,59267.337747152764,Medium
20.806834739267263,79.24317219099946,0.18613686241509175,0.39713348297227724,0.3253620073968547,0.517912963955258,0.5667931739139607,34.192637991029365,21.101646539259534,178.7107843341734,624.8873677841615,45.113006979784146,2.677943129182968,0.5099850793134971,65949.00415251216,Medium
20.990505142000675,79.72226693185566,0.12081513900393918,0.08471233485552557,0.19982115480804857,0.2660955165578023,0.32611914202786574,55.143872938227275,24.6319212583385,92.70330165580322,226.6976299128381,71.8699265972796,2.1057706920689507,0.4605825506946666,53708.09439438489,Medium
20.412617676911427,79.85569646810629,0.0720490241990038,0.19052301055145088,0.11674408067950114,0.44680902873689765,0.7285434308703661,41.877641101055914,33.53175277354195,32.8203963251116,463.06355472118526,58.62354987807616,2.4963986282998483,0.9007601624507324,54259.220123619154,Medium
20.37201808579278,79.83021986456698,0.10092737152626222,0.33002483904470586,0.22221173538488304,0.48556140792594327,0.7216827322538251,50.64628427369767,36.139304535685696,160.25693515606693,627.3887947019966,49.23670487012489,2.9001929995455216,0.9300053777910726,73636.57484283828,High
20.776412960741997,79.39718352961846,0.2059321845668053,0.1214124721201146,0.1070376576327635,0.42732534343297723,0.32770343285322345,35.70747423092773,21.13962894871672,75.38487769682985,470.7081665039439,19.231577278435054,2.832081024114853,0.3835673910072921,42482.05825817429,Medium
20.340803540253017,79.66808513657065,0.15110095292938588,0.24427973225580019,0.4060388140735233,0.1757975374000497,0.7306726269833276,53.88978784258834,43.64927224613999,108.9656656719324,544.9077979698509,46.39362634548909,3.1887712846066147,0.49173794301898943,58838.98509494901,Medium
20.930757325603565,79.20498429541583,0.29866500976478283,0.30657495361038617,0.18835098429514296,0.5379415417585285,0.7973103714491452,59.468291056272946,41.05413441625953,38.53358682589813,354.62396229671407,24.581858702257463,2.333469351185307,0.8962362491461331,60010.998128068044,Medium
20.858412751843012,79.29314773026101,0.17926625709854177,0.2655949075910627,0.11178389888932952,0.36954727636800433,0.6777909648867637,18.786175396168968,27.41531205392733,53.847547751837425,200.84723437038664,91.48421498516547,2.597827159008775,0.8067078077450615,62814.91312957245,High
20.42899402737502,79.89633581852112,0.12461428177628897,0.11580865711539566,0.060179103962300355,0.24123621318500185,0.6914099434286604,59.97578293445368,21.9296882556617,88.53476416404406,401.84516231988925,33.540681349634696,2.395436496528796,0.0036563113446492768,28707.919660700827,Low
20.750871067791497,79.01300192351074,0.23514349598120904,0.1743845990400088,0.3083289545145937,0.312614092718847,0.27430611527636295,42.41779190741843,24.247176830476434,40.644685128836144,366.96366496137165,95.22640145333723,2.52872373687101,0.3200595641835825,62782.36217695087,Medium
20.75454287408468,79.08550853085447,0.26203316506563373,0.32432712456988905,0.3047609269818973,0.1187855451994537,0.5036916792004295,60.67995454541346,23.173610343874316,229.4900408778525,626.883100308421,53.30552900947112,3.028340155843266,0.4217742419361259,43894.387699216626,Medium
20.103123868835933,79.20788625514602,0.10011257237028495,0.24397927994620583,0.18624166663251668,0.16393340061120878,0.1470791397771575,35.878102380460874,23.08209448247367,21.390819932315036,284.19741629385976,63.15443786761603,2.821050890226184,0.22971628368323171,43943.22691306884,Medium
20.902552906679567,79.02653220387381,0.1002857648864953,0.05183036474001946,0.0786847555390604,0.4827733752579304,0.1664425557751688,32.7424291229821,32.96404221664335,131.28785033879163,681.7038251443095,54.29404444893278,3.0589294296170984,0.19957161589593875,49318.476379251435,Medium
20.505252372447856,79.1814354350898,0.0610014280800629,0.31634676600983286,0.2138515579580928,0.10000581737768308,0.7992248284233034,64.90364395103335,26.14618606233501,48.34691537048683,676.9759658924729,12.93806169667009,2.2442133299982636,0.03778450659567967,27411.385844503362,Low
20.82645746610774,79.58304156096969,0.27092060451969213,0.06235897422908368,0.17448699802535744,0.30828291424114607,0.3286474745981377,25.07015605290408,28.95349291322861,90.76619057992816,286.19740368929126,37.5821219007941,3.0480333414097256,0.6433697250697605,51037.86754088818,Medium
20.32004960103061,79.4214245505925,0.24914135828654155,0.31100682395593127,0.32084825589400373,0.36125509054279425,0.6237287384341925,60.652739517168584,44.73763333460806,232.99369875820105,341.42857551252627,9.914611227762393,2.071714729014061,0.26251029048316565,39145.3414626669,Medium
20.895523228496202,79.89267171107697,0.19238926272494417,0.1208681960578331,0.29231169978107613,0.12731721000048615,0.6646655371187715,39.041234350564245,37.10785622313362,57.189747253016975,642.5556574806367,62.29540441833817,3.0663191365245828,0.05234717843131309,36427.86577165071,Medium
20.389201678734164,79.81744356173844,0.3032511346907591,0.3853257180417831,0.195837491279016,0.5865390814861664,0.7006162897050605,40.84572655307558,43.724516676175035,242.1414335352165,681.6422214928591,44.68741952004389,2.3948885353528735,0.23097931052806364,56625.56746423076,Medium
20.010837651480298,79.34181735169787,0.29170104588501594,0.1787792629557296,0.13715702170199606,0.21306266562483597,0.7983398081815096,28.508096889369043,23.56391387582789,67.33270670756698,393.8915065598242,77.79849715709368,2.37750516009688,0.8019139528361265,59978.155883650055,Medium
20.905381976419264,79.2594234334313,0.22560630931902564,0.16442606571832769,0.44521438646223677,0.25209935981814047,0.26904753967980755,44.38253203714094,29.553486870814233,190.5602049473708,326.54837510249376,22.047048099936983,2.6145062920383966,0.8514891816465466,56814.461663832924,Medium
20.091286676786133,79.37969240816727,0.3104813841539776,0.10211081761635565,0.23160064847844597,0.2519712561275137,0.1282455788017898,29.512671776572677,33.86829508205886,145.7357709263817,439.3517072883481,16.45660584293349,3.1288282252678785,0.48306624519330266,49403.27346200798,Medium
20.319313637590415,79.5902949425148,0.11175236301103048,0.15696147542157524,0.32530969431209483,0.21520833105867496,0.3878340625962102,12.356164854499138,21.91895154721845,223.43010734725462,528.2730635011542,40.63322309637678,2.0573376376176866,0.41607067040868617,48001.03538987972,Medium
20.950061967050804,79.26806364082287,0.08357588581931837,0.3568277666398702,0.10622118703134431,0.10073691104315571,0.1910564688802629,26.319916320661363,20.104686090698948,147.41844876572011,300.4109834562389,92.65853832183811,2.4226771700848944,0.9778536935017818,77757.58736843204,High
20.950607146937557,79.62414890784913,0.1309248834550969,0.3987170181695366,0.2442358798637591,0.4646723970439982,0.11569812241343859,10.38274260439544,36.76085834492294,142.94862040595098,555.06024604049,71.04218150124117,3.027886386420003,0.2005646595880699,69776.50803858337,Medium
20.573437888123287,79.40941165219124,0.06712605682679446,0.17890833567739695,0.061014687947786195,0.5834227498996427,0.3522987789990403,68.7012872234114,36.04548792003588,64.95534008473197,178.41154641305258,41.89236247929187,2.47526537292256,0.21535928285460848,44951.08705710797,Medium
20.6318372121698,79.55204718085199,0.2093508584003096,0.20701372083408992,0.25218204716417997,0.21214674164252253,0.6486167757526655,67.94483258918484,30.269720249990293,58.232753271881506,177.11197102042905,51.727216975431055,2.2389882771164804,0.29186717703639975,36311.70729654467,Low
20.44844552197832,79.43612652913532,0.33098170768848845,0.302724828370958,0.43560696284708095,0.4315235959017112,0.4963264838575496,33.7093178483383,32.241101900800814,230.79250475656826,362.4582378300499,8.421301117709834,2.5097530175976943,0.1727573182810873,28780.092561493424,Medium
20.293210771698064,79.29446575954192,0.0618030622005529,0.3601685231627761,0.2036826851943201,0.47094816347935753,0.3189445924472478,53.70225126037876,30.386075014802238,95.40278573550783,344.41025563339633,98.4575896376113,2.4626630017900033,0.3793655982041866,57145.75446089985,Medium
20.328664545369914,79.94845330696215,0.08663297420300804,0.2575655169653745,0.06559840502996464,0.5242126895452623,0.5580394038449038,30.748365904625498,20.600126121122223,105.57891864146606,323.5982684519338,66.6407304694919,3.098499441760044,0.9108342269897538,54093.99522148328,Medium
20.67251845607704,79.76360579415976,0.1856597084850306,0.18703399436224027,0.06238231636773742,0.31131459850680454,0.2624127262161675,50.265589425158566,28.38429015543656,194.75944143852934,420.0608694679005,28.540406846342247,2.9143212508917165,0.6153478406285743,57883.637990690855,Medium
20.75237452943768,79.14011317576646,0.33016250525837143,0.1944176442970183,0.20519470397874778,0.2514654528202146,0.11006701225045952,58.32580258275875,24.427056384932246,97.92940095724569,326.4034702713642,58.58083942152443,2.6061386668928077,0.41194654861226365,54380.35576397528,Medium
20.79157904372585,79.86846797589791,0.14484683149302516,0.29346635127388243,0.11400997458527762,0.2626475670115156,0.6350473705054992,66.80537468153445,22.460604727534218,238.97436272697064,255.74185515745057,10.948236606899398,3.1860446800658853,0.9344107945712148,52375.869691250315,Medium
20.789618142794552,79.48743119824951,0.20217044260651773,0.05112639226149754,0.059340838531274365,0.45631066654925645,0.5366201594048065,34.01273655098032,43.918010847233745,189.72338686972407,320.2082519987305,96.58366688075836,2.558333037531108,0.04846423247582232,39056.808137877415,Medium
20.09120610304869,79.89455222689409,0.06247185771511763,0.26685626811094426,0.3524854455800707,0.508389733252818,0.633611837150672,56.99787897736286,34.983993126054145,157.4087257918866,686.1973500456293,17.478498788336594,2.0698853969843305,0.21027617790186137,51900.46315243972,Medium
20.494420304702583,79.79985525594732,0.09450296028862666,0.17442255365447512,0.2334092035527563,0.19080698387830133,0.12725661168136593,25.955707037927127,38.21640710591507,222.60588692529308,376.1123793471667,64.80303180552141,2.3147291861779817,0.565888605101759,70013.90087988794,High
20.057558760016644,79.42521350446923,0.34598903688765403,0.3279690659469795,0.16569790878906182,0.28547050407888264,0.6859837394814565,69.4199382276189,27.884093581652937,31.40935892038103,394.5920272720847,24.545446253893044,2.5232845762631753,0.6155526231931792,32279.256255052293,Medium
20.549528882323735,79.02246930832011,0.33953560893081364,0.08254672393809626,0.4100332732065923,0.550970098374575,0.5336683400254124,11.546175925861068,29.82867823735038,79.12441920351802,467.09974447312703,71.75613826485358,2.1882831489753443,0.03955750656261314,56925.9723002563,Medium
20.44153050137338,79.26867735938495,0.051481994280322886,0.2558707934319367,0.09645558408021025,0.5033467598473697,0.49437674549884814,46.21172839006726,25.923099847418086,126.95835687080928,690.8374226278246,77.68213672402811,3.1370781515888515,0.4030387579071322,51373.78287682864,Medium
20.8877041827583,79.54163421466086,0.33554353562697165,0.21834051146014333,0.4323675315821277,0.5924292013812379,0.5372298336801722,49.57035889907963,22.42414177413562,72.20506407844984,282.88070203966964,67.34197289114327,2.920218677381328,0.6491539648308727,74250.2877331467,High
20.35091501255208,79.63347821982615,0.24173598134465013,0.27481393406682963,0.17558668695094115,0.47712412984104036,0.7051032728078549,51.28273342444773,24.475790936039594,191.09819307949493,524.7051607928386,61.44994602551925,2.321944640513327,0.6980705464034016,67110.41065096385,Medium
20.117067016427605,79.2578876854332,0.3103754883560066,0.07269875806903893,0.4053614689234725,0.2965976005139611,0.510855554591235,17.223254727345342,39.93785113241215,231.41784714235678,543.7915814479483,89.24690939520117,2.7089654402214993,0.6381399025162693,70121.80607400002,High
20.142991682052838,79.13935607407282,0.1864219566901577,0.25299432559984597,0.2911771505917846,0.3953189169973189,0.5066652659217256,66.31178700838782,36.93864512959439,117.46712758411238,484.02842923618624,7.862671098975804,2.8657389885314863,0.32056322436092455,38432.358352548275,Medium
20.76151063171747,79.8349302367993,0.20467880857377507,0.24651960578583332,0.380682943896595,0.4305071271236601,0.7934754099460362,20.870996743004966,33.67322189963692,98.69049802573583,198.71808680015425,33.09147657801952,3.129534714688158,0.09352012359790951,47078.38137732201,Medium
20.61821806331626,79.98440218070355,0.19665397407707608,0.24623103304565985,0.4436052652841857,0.13922790815856198,0.6297111169479976,47.365204194390465,31.877246821669203,241.15666839164024,522.2797517051671,24.828747963084595,3.057962419010493,0.4271124464193341,31374.663654414835,Medium
20.10112267612279,79.52569018230268,0.2500592772638313,0.2612206833087592,0.1653621751274983,0.3722484795519325,0.4096056638157948,23.360564747385098,43.06085709140311,122.31605955033439,185.25209106989652,98.80139620654217,2.6182306713658567,0.12875443736805547,48227.92734666302,Medium
20.084106806115,79.1716792858483,0.09189537642689388,0.2867637780292268,0.4344541941630372,0.45466041423630477,0.5951779000230495,28.432985021276252,21.81837369446671,132.48113210333514,477.8784572524433,38.93897796668735,2.9295831437516213,0.9476236585206671,74450.15735161403,High
20.70096913145912,79.27230732651937,0.05899207696180339,0.33174614988826945,0.20579275796096813,0.1836606520005302,0.372461330184252,42.78751250368746,27.0150203309479,100.87947063863824,556.7696474719585,73.26126992403988,2.674573704593102,0.47517086602262826,59944.500913938326,Medium
20.072763006364195,79.01839067654747,0.14237898247735728,0.14443725204487504,0.20420476189476894,0.4903158587127786,0.26021282373844934,35.03160511387459,28.74844633926785,229.19614879279183,266.03343984097273,68.47251638810046,2.663244668054648,0.31725917435686757,49639.17167941498,Medium
20.821860059290355,79.9142988065605,0.261404228820994,0.3387672935630217,0.1861548417018023,0.39188639025705585,0.5177963138214317,19.613536058590377,39.560645305319696,150.85976115482566,612.8921041485257,21.208123747737773,2.13769035000583,0.7663040711189001,54878.15023779282,Medium
20.706242227156498,79.11775108289014,0.11055603563688451,0.22438948879220877,0.2665630429390341,0.5761108928487974,0.749727468679766,20.2561841452509,44.812865504049284,195.30015505177826,166.69459304315234,23.899768021155133,2.1513651896193826,0.49794859258226387,46823.31096498448,Medium
20.0813487806419,79.57651647551425,0.2520297299974752,0.07697039769701591,0.11165801727139485,0.12121114910344585,0.750397664010824,35.088687289767975,26.016762868928826,206.71554522070386,614.0970750120683,28.12845635530341,2.635440338026949,0.31003402401245006,30821.802510557598,Low
20.084837714085193,79.2740552206872,0.3409736138321811,0.07049282523539273,0.27148459414320447,0.2326630687777335,0.3393336946738432,55.43697869653004,41.857683353427014,98.62527964096938,403.1809778535208,41.112727825937924,2.322633853974808,0.8119677423908017,54910.07915297779,Medium
20.986639578501176,79.5541780025158,0.07817021473682552,0.16698341154362129,0.2666819249640016,0.400776939649912,0.46937422635518655,63.877878810867315,40.76556901079478,119.7496962036874,269.6733669624045,23.43250656505268,2.0252442829525625,0.867152151001122,68635.22241991255,Medium
20.37427079575612,79.65142038835187,0.25178063546753787,0.32471394198901365,0.354760725041948,0.24827995610296535,0.24814512899890287,15.04765973556297,25.616434941044165,215.14850811344087,223.5779797466824,1.9651482746847804,2.867407044680255,0.673008166288677,49820.916316329494,Medium
20.370642147066892,79.82974180370721,0.18312506579137133,0.29768832715932053,0.38345998477503423,0.45721208203562114,0.7969417766492185,33.58623445356406,29.983314504980562,103.54873088543636,674.3189421703049,87.93930568071954,2.038983916028198,0.046964422407667294,60447.65550693098,Medium
20.812799567257503,79.2064212717606,0.31044267631325156,0.3260152376353423,0.22617654012496963,0.47950264126096553,0.7867825355075551,16.014733823372598,30.241821732312978,202.6050806939258,189.9660731696362,96.5609831380884,2.7143322093248656,0.5663228801665321,61289.129767571125,Medium
20.94724857738386,79.01099582865848,0.10314493683421577,0.23104416975456332,0.1709332997405975,0.15125798203323723,0.5546562507952132,10.995548837955873,44.45551671316396,236.42823419212053,259.5013809647591,34.15703870315679,2.647032552952777,0.7632949119972816,54008.758917195126,Medium
20.986001063822872,79.1368856300688,0.2577877856678494,0.20406964928442173,0.15373395892683778,0.35692723210338384,0.6630898417742314,49.7031209586374,24.522297534472457,163.3383858056416,341.30229108817525,33.85068794254729,3.1625776286933656,0.13650301208358218,37463.08039558666,Low
20.753378185258942,79.9000186418481,0.30143458689443303,0.10160838434719939,0.12784953468194876,0.3544452777955279,0.6005701128985901,46.14696651799527,39.97894927761955,190.57427611393445,491.12916692861626,0.7091812774370987,2.58105576721717,0.22867075138460335,29678.31314258944,Low
20.376259585530917,79.87389007756252,0.33338426584220693,0.16486746376325906,0.07305903287960996,0.28464038510777057,0.5152107533276278,19.78114682889317,28.35481785432775,205.17238176946103,449.6405969018541,68.02506883303741,2.076321723653357,0.8824951050681364,60401.095934710946,High
20.08350071669867,79.59741310217031,0.25497440848689373,0.20190677816085634,0.18697919153388537,0.5664624312848361,0.1373435978922284,24.028769985583846,38.27175864440401,214.35911924622778,219.1039208267727,82.54398957486288,2.662025561367754,0.020121721853074037,59001.21347807055,Medium
20.777146915927435,79.60051686043366,0.19915242920252818,0.08101015038786603,0.1580990768523133,0.5137531599366106,0.4183350397868628,11.422465218671103,30.500275107391573,110.86226770706307,309.35039105601805,14.660830036000316,3.009315404739322,0.752727137825976,58004.430396879274,Medium
20.558404249735805,79.66503667454626,0.23535417206036413,0.12721418344892393,0.43656695434656295,0.44860469095481836,0.5723504115171875,60.096832341664225,34.4589940779135,31.790595610479578,281.31347409731325,15.966634936715074,3.1962191411377283,0.4737732925144229,59919.05959288796,Medium
20.424222009246975,79.17537127862344,0.31067149534361543,0.2593788529223086,0.2730835305000176,0.45716331786749875,0.5742721297185793,68.4814357629131,40.815294333153275,112.4315423844501,267.44856996968775,79.00832499714377,2.516411808426887,0.44677215883960686,65863.00049708359,Medium
20.906354385094737,79.91441194592495,0.2211829239916489,0.30748208998371646,0.18891081561220302,0.3308580719065596,0.3611858328956685,18.127572207681446,40.104139124597104,174.96393285034065,376.1293850639929,61.629074835414464,2.384358490996091,0.0070965324948871755,35260.30771672433,Low
20.111197482306153,79.41877052489207,0.05911611790905106,0.3994216289875324,0.2821870403974784,0.560497260548288,0.7591843906606214,23.888512825917886,41.6605795884925,123.58058872958235,537.2172989254113,4.486055762771701,3.087983956342399,0.8193982309664928,65046.65803949238,Medium
20.49262510429086,79.3831385282495,0.3292846086520933,0.3765896659702452,0.10567868053827821,0.4472977136266427,0.21714992256574672,62.104571436816045,21.490433133616477,192.26152469789167,269.59911271947976,62.25469904622817,2.2294905548913455,0.35982490063656647,51175.97899787388,Medium
20.011353644767418,79.51891770528283,0.25685802530946833,0.27489781983731704,0.22761749968088119,0.46449053082790825,0.4502516123508925,65.5878278773711,37.30126382599362,102.1059587777927,351.6733838366398,30.891772284376607,2.738514698039512,0.5407656313005429,59046.45027176933,Medium
20.468660641994127,79.04696596677506,0.25295401573317394,0.19743681865292523,0.30049372856842554,0.5308454518936726,0.583618783585576,35.17764296840862,23.499684418044072,165.9911524539268,365.00458476263924,36.872515547084596,2.4868573090171373,0.6773006863356594,42397.741047815485,Medium
20.056303275681838,79.16628336875608,0.11470254571931515,0.2726620776478815,0.24555913271698054,0.2370357946710955,0.5879950641242665,13.037348336144447,30.395464200460275,62.87655511641415,687.0510911894756,76.97314182968802,2.0492988379466666,0.7026295764379158,53748.34096909148,Medium
20.11881791626807,79.73803361642636,0.24766564106979716,0.3249780663280812,0.21071152026172973,0.5035354519333515,0.554047269738171,12.363510021569164,33.71471037636721,192.3549704283401,675.0664962834878,81.09351926726106,2.4167461691668373,0.9559800588260723,77047.56006954456,High
20.117526246777103,79.08279866792513,0.16815932169624753,0.09141766682318557,0.4475393555598793,0.19762030147824602,0.2927017494163021,44.436991964140624,30.068487118670767,145.51007282699595,590.0756705136417,40.03566268398306,2.3182742270032097,0.5313399532366091,69922.55223169505,Medium
20.649210302116064,79.6031521094664,0.2453698931124476,0.19346671139370092,0.40212590485957084,0.27267097612244395,0.20934459808063538,33.57370653359074,32.99029189507519,66.93480936571814,282.9124064505518,94.71529360063548,2.8233093847321844,0.3997195509744276,65824.92820145388,High
20.746044879265423,79.24534910968131,0.08197790909239722,0.34393079997246606,0.29936238326377607,0.2678052271349214,0.5451582287786977,11.719145654659272,44.91315771996548,87.13956990449567,187.42052275041834,40.64627179520722,3.1385485972303018,0.9537036264917079,67509.9112420575,High
20.58336876509716,79.38929561404197,0.2473535913809108,0.18434153317656543,0.2777509444729131,0.5892627341945703,0.5195114812976065,44.9951435387534,23.380432842821367,192.18000297382144,324.29727574634364,77.18360352301099,2.3216566248543655,0.6421102350255211,74168.85930360208,High
20.96217254847454,79.2886937367707,0.3498241177311999,0.2501552949295153,0.2982641919298336,0.5282686118739635,0.2255492072024687,10.678152195341347,36.886401133410644,130.99828420214976,296.737002188607,48.38772645642591,2.973759126982018,0.2981503562765556,58280.74080400614,Medium
20.374870579523705,79.35567271646495,0.0644636116581668,0.2557192763017694,0.1305248431289733,0.45058493079512985,0.5935974018993944,57.24231748895638,29.90002415964038,69.6872312904066,428.25919008051665,89.7532326522084,2.0664317803260914,0.12646424540357115,44236.29096500925,Medium
20.285712086281862,79.71904590518425,0.34315225526639515,0.11456668859677378,0.20805509730572747,0.4635283808076951,0.41862039421355957,28.385969362202296,23.32524497268322,242.47237378516846,577.7503505372862,90.77612436501786,2.645745212047776,0.8425545014651813,79572.26963163175,High
20.86859912818946,79.29712171562318,0.17207238821686116,0.17678240457830097,0.06578381315635973,0.38103639720128557,0.5674324141222071,12.415480180553926,23.968419084357738,184.47875455788423,622.0776163833718,8.741680787108386,2.0846600764518737,0.36218160279415157,35081.48368379054,Low
20.223595838519454,79.5664046402969,0.31122603510117774,0.16707895105967627,0.24021841499473068,0.5735453335542595,0.6861569558391055,45.301133258989196,43.731827656140425,240.14101148415313,614.6752469757796,93.64933313102257,3.120839589356767,0.6604697213644312,83658.24152464193,High
20.96322253944061,79.47605040219909,0.28471564521748205,0.059168847986222683,0.26720983358306527,0.3481293764411808,0.21880990000384623,33.86106486598328,41.99003741779405,118.23416043287894,347.8215586726873,82.55348415204156,2.9196215366688683,0.47081641936589813,75396.6962011527,Medium
20.012154474689815,79.66367116536264,0.22010487829600034,0.05846711736197434,0.14109989444128385,0.2902588549349473,0.11340140759778568,68.42802480142896,42.67604901037555,129.2730783590957,527.9788889033756,79.13107143126669,2.789539893445511,0.19892977979503834,47008.72406027849,Medium
20.96987882670764,79.93682973932476,0.27153476277539795,0.34109396528652075,0.4356115388662055,0.1815176684657955,0.6453718104770507,42.651919750222135,44.78831939568467,226.5296997225544,322.058808638321,20.091133968552242,2.988675657949597,0.6016866086204651,47141.856403560545,Medium
20.043159911950575,79.73257209721025,0.31355466839040436,0.14557478349048436,0.4137818443748968,0.493102826130529,0.5267881976068312,26.514350862220496,25.207884750212948,140.76134825643845,183.49804877935048,80.51192087546649,2.777023754684196,0.06068306895068232,61204.59683950477,Medium
20.89114311369807,79.21494037859075,0.1712420964953099,0.2313275681835854,0.3388572941823623,0.46722196603779576,0.5897476987354853,52.56633187803848,28.885983434101544,182.67414973830344,535.8608960816182,85.01327346850368,3.1627332766091496,0.4133424598711922,71393.81750497327,Medium
20.5277011090863,79.03118313506128,0.1481099484689716,0.1545539507560706,0.26335465150614507,0.2921775192620675,0.6867084824920499,26.28952015256268,36.73047574812166,77.9997618239719,155.40515391338332,28.915033445415094,2.856749537437726,0.546614939663671,53015.78209002684,Medium
20.9929647961193,79.26226404429983,0.2502780156690754,0.3792377357903692,0.39798766385907397,0.11259670697961469,0.6619676543771503,64.25459748445391,32.09506349651618,122.74708780160732,375.0504231021687,95.22600783623237,3.1095903314986963,0.43604697411857907,57997.89237194746,Medium
20.0737965647354,79.59507793070026,0.29235378258237754,0.14075386560302083,0.10226093752938517,0.5194986638590053,0.7726441028501773,32.483318230442585,30.459738334458336,48.393469136381675,331.15859811614166,4.986014639916425,2.620558270412766,0.7486721752509908,51113.07887240831,Medium
20.55385428440132,79.05142581348424,0.2786855404329847,0.2003798844586273,0.36620391770995403,0.10570899172703682,0.47515455519648275,42.99211376657232,28.945281233389828,67.37540825170119,531.3576461853688,14.990925324713967,2.1404772955782354,0.8279249545453125,60015.801910492766,Medium
20.9693025356191,79.49636624720124,0.2893440946575903,0.35545558766961066,0.09992832558673932,0.45184988981452545,0.4419469428619338,13.034386229453732,34.84451579858631,20.21698551155515,571.4350100182085,53.75811380515143,2.6338132657076208,0.771243074033178,60651.01218943835,High
20.52309784417015,79.59684284891689,0.1806749944438799,0.344676748377133,0.3676842650197622,0.5851285548630285,0.3813210399235111,35.56727427713385,34.389835716002054,29.030961879191853,317.2520497842061,57.579247112230966,2.152247393675712,0.03881294781180211,55070.16195973614,Medium
20.629398638135264,79.33424389081696,0.2953502648525065,0.11513549624619707,0.1603070273005428,0.31883066407410177,0.2075837299909432,59.941812379659694,24.036445851606004,244.77527933069373,596.3948579446694,64.51500833009034,2.710992175011686,0.1941287704459722,58034.13245627776,Medium
20.69574868898462,79.77091220374582,0.08606271661118253,0.3309251584284987,0.40083623240727556,0.2174867024979764,0.5008250630174157,58.338928321800516,31.793495937960977,75.74134988145533,311.65421827771354,1.6969129315466458,2.5789916726331956,0.5366075092637743,49326.91655919239,Medium
20.454541064767774,79.10659825313377,0.21334672938825489,0.21036541035826245,0.42761683753015917,0.45243550502169083,0.29390876702818514,23.459113531211575,33.836794405246245,172.56146318592045,395.4794979926087,96.03667746221302,2.7470904773993383,0.9348220404438012,90001.90579920875,High
20.627558080084064,79.0751377817358,0.05172759814943648,0.21903910522987435,0.10951838776204625,0.5085640710077926,0.7449152585490829,23.56474426063376,34.25717346828476,212.99293072391066,549.8601898577737,4.458809273414399,2.012056377265798,0.8349567750521169,44672.18334382383,Medium
20.5843143119231,79.72818875620361,0.1473757489700811,0.09671799034558033,0.2350702420261574,0.3732151580389237,0.5082335629939684,59.03831873279421,25.252679822808794,146.65190562440978,531.1061260736337,14.306195272340238,2.233808589986437,0.8425345083518017,58881.68788144232,Medium
20.901158010490988,79.4954913162062,0.15993846046141935,0.07821052981499363,0.44239495126507405,0.5835176376280731,0.5149881263556771,65.82390521015952,38.55678480630717,55.223235019309925,693.0526597717101,1.401451752605698,2.5895965182945573,0.3032081937596749,43079.05748577382,Medium
20.045446380341456,79.68840239642773,0.16885180748277662,0.30477875744081784,0.24336297438925864,0.12583436082898056,0.348447262613907,15.721655276380213,20.629977370526742,187.46678058731825,273.8385633187625,56.685843329409465,3.1406042739069617,0.42944789707870257,50233.13519540434,Medium
20.28096318959223,79.43482733860375,0.25864016200695866,0.22376140332435496,0.39541900900581806,0.3523977991522641,0.13639254638439524,37.00351836557351,28.870796388579066,158.0578243229041,514.2748524467703,93.22668839209723,2.46033084842619,0.4707059473159374,62039.58673593264,High
20.950411484076557,79.24640203323911,0.16656743038110372,0.20289774591531284,0.285492608852528,0.4592269736612751,0.12222063576109204,30.24725673785374,39.50531621339084,188.18763554989627,485.3250495516776,66.59471660804643,2.5092464312643616,0.15737158334991042,60126.65431726621,Medium
20.890263783890916,79.8191023176742,0.18460808678675922,0.3053278800283389,0.20013196316784077,0.5313202355745895,0.39633460090723827,62.24130732744636,34.097323026385055,197.04172325713006,653.3041499695164,82.26574684804274,2.8576353068079468,0.031068130244456316,54364.41929720719,Medium
20.455656752785714,79.79941587896899,0.12126323926229823,0.3179295146468884,0.1643134222103481,0.18962780595389503,0.1591957646680665,15.011494880801127,26.529060812771505,244.34438456749137,235.9991779046813,1.3281203458580082,2.724551308743342,0.9469028994605169,60871.06549206957,Medium
20.620132597801536,79.69469647085442,0.16197553748880203,0.10561785868427376,0.1312892364344349,0.5000017408818407,0.5247928688780974,22.667556553482243,37.37382798357619,151.9195544061433,563.4889899728132,54.20152984797261,2.3587113801179997,0.24071258566350673,43175.64027148061,Medium
20.277381182981134,79.27214513722997,0.11818088817894544,0.26357880231717445,0.3547192765510789,0.3763535378592726,0.7166811039477602,55.14810025518966,34.18477360390183,98.57745591883842,462.5477389478226,45.95629775055219,2.4929796746809134,0.2399489037236313,46690.4616729084,Medium
20.18812115972376,79.59023066686909,0.07195877713053309,0.09737392879718995,0.20461620272921116,0.29827684099498164,0.7180403715631055,13.077630938872936,39.90609023640968,169.14684808705454,301.06622838334795,49.8967944220793,2.2612397586286788,0.08337905376875954,40418.94026933652,Low
20.463698404939983,79.36097389694002,0.23103457801441335,0.312981280110166,0.25451018488030047,0.1658575142895468,0.5613317870925627,39.55212284285736,38.37562965474558,35.741363125804014,410.9392027809458,7.221318533518795,3.1592257509562502,0.9285077519437785,63710.21417613192,Medium
20.353352228026054,79.09158207332663,0.25046383956650486,0.27993430469349884,0.24693019200047278,0.5326478794544562,0.24786228203105173,36.5264220807832,35.25269805090586,226.40138321396486,333.5771283883888,68.44353610693075,2.1567612578688315,0.579737114939772,73086.85865724497,High
20.58365611185087,79.91731357546225,0.23584710380288437,0.3848151173792103,0.2809116116932525,0.17863660408985768,0.7040977819512105,30.06407073932492,32.204441882770354,47.45763260778526,468.6223715336535,50.322041485863444,2.4462041414797033,0.6670368571253539,51499.06197399682,Medium
20.077734636964983,79.13681863091897,0.18904821314017173,0.07413530572474741,0.3962308582498209,0.2548939296045496,0.7202654047192457,33.67433891913542,23.329553141688084,95.4038527137382,638.9503359480661,76.51488498612639,2.0310067666640133,0.9115768872630525,74221.21764715607,High
20.974394807666165,79.9502373538208,0.16393573405376893,0.06996915240293902,0.44229573743337175,0.24502276598121844,0.23765750946707112,41.79643521581397,26.533325447134594,207.62143754400782,463.1177414267111,48.52906340617154,2.266135390320256,0.3456201689007895,58291.424806247436,Medium
20.986210744479603,79.44600577295796,0.30900009487154756,0.14876547614262006,0.21303368342952678,0.5357070170954271,0.6161982600394741,19.682041503302987,30.477486822927133,157.38184701606372,497.4473300796212,14.938163622643208,2.936565366056186,0.6215073111380841,48177.64412012631,Medium
