Date,Target_Production,Previous_Production,Production,Rainfall,Soil_Moisture,Vegetation_Index,Land_Temperature,Equipment_Downtime,Equipment_Availability,Blasting_Delay,Ore_Grade,Shortfall,Shortfall_Percentage,Risk_Level,Target Production,Soil Moisture,Land Temperature,Equipment Downtime,Equipment Availability,Blasting Delay,Ore Grade,Predicted Production,Shortfall Percentage,Risk Level,Recommendation
2018-01-01,9436.350297118406,9443.565999069107,10763.34003654853,72.80936409661743,67.92632454744121,0.5872569462357837,27.162988723178074,7.18372200748135,92.81627799251864,10.862553917588142,42.15987634850778,308.5209400791937,0.0,Low,10763.34003654853,67.92632454744121,27.162988723178074,7.18372200748135,92.81627799251864,10.862553917588142,42.15987634850778,10454.819096469337,2.8664052146598054,LOW,Maintain current production plan and continue monitoring.
2018-02-01,10876.78576602479,8876.337282204422,12083.016404716627,69.27491177727995,63.51694562583024,0.6678429081743921,40.06600780882325,17.17322652659403,82.82677347340598,10.104455674964887,49.16296987899959,266.9403489335,0.0,Low,12083.016404716627,63.51694562583024,40.06600780882325,17.17322652659403,82.82677347340598,10.104455674964887,49.16296987899959,11816.076055783127,2.2092194530936773,LOW,Maintain current production plan and continue monitoring.
2018-03-01,10329.984854528511,8083.346657002147,10052.829496822967,227.5010993250488,50.147026601890126,0.3128041342151243,44.93094749759007,26.44248340453943,73.55751659546057,1.487199250322278,47.80482789370477,0.0,2.683018045123704,Low,10052.829496822967,50.147026601890126,44.93094749759007,26.44248340453943,73.55751659546057,1.487199250322278,47.80482789370477,10149.171071465275,0.0,NO SHORTFALL,Continue current production schedule and routine monitoring.
2018-04-01,9996.646210492592,9848.28256897432,10135.395406914711,69.89108796388146,76.92330005283532,0.5561681647445493,20.75065013323482,22.502296819467716,77.49770318053228,7.483708724896971,29.61699714081321,0.0,0.0,Low,10135.395406914711,76.92330005283532,20.75065013323482,22.502296819467716,77.49770318053228,7.483708724896971,29.61699714081321,10195.464238786119,0.0,NO SHORTFALL,Continue current production schedule and routine monitoring.
2018-05-01,8890.04660110609,9396.559103938578,8930.485344737534,75.26793427087144,24.0332160869882,0.5216348890434367,42.43414664477329,24.583712140120596,75.4162878598794,8.223716756931285,29.477484092244215,61.6362505738598,0.0,Low,8930.485344737534,24.0332160869882,42.43414664477329,24.583712140120596,75.4162878598794,8.223716756931285,29.477484092244215,8868.849094163674,0.6901780608170438,LOW,Maintain current production plan and continue monitoring.
2018-06-01,8889.986300840506,7569.15928770712,8747.959014167896,192.2555829803113,17.6484947216735,0.6913397449123763,35.56576333996645,20.44593426790009,79.55406573209991,8.57763283704111,33.0452310323474,0.0,1.597609736014801,Low,8747.959014167896,17.6484947216735,35.56576333996645,20.44593426790009,79.55406573209991,8.57763283704111,33.0452310323474,8806.720020887347,0.0,NO SHORTFALL,Continue current production schedule and routine monitoring.
2018-07-01,8645.2090304205,10188.245145728448,8711.65495267528,117.9375621881296,69.77733768687955,0.7389565893128194,44.33456547912053,21.38374380649987,78.61625619350013,12.023275015319314,35.83224179023112,0.0,0.0,Low,8711.65495267528,69.77733768687955,44.33456547912053,21.38374380649987,78.61625619350013,12.023275015319314,35.83224179023112,8735.166049798681,0.0,NO SHORTFALL,Continue current production schedule and routine monitoring.
2018-08-01,10665.440364437338,9878.880350231091,10092.785189546052,196.41053366924348,40.74048716436238,0.1579019014603014,31.62523793816069,25.77747824382894,74.22252175617106,11.13844838781069,37.25366744225448,0.0,5.369259546007474,Medium,10092.785189546052,40.74048716436238,31.62523793816069,25.77747824382894,74.22252175617106,11.13844838781069,37.25366744225448,10105.100472312251,0.0,NO SHORTFALL,Continue current production schedule and routine monitoring.
2018-09-01,10002.787529358022,10324.299696521732,11405.95855046854,25.68787781545246,69.28781979449423,0.5881129473882153,41.18469826428434,8.990704248057206,91.0092957519428,12.550196763075448,45.39091650500036,78.4300363939692,0.0,Low,11405.95855046854,69.28781979449423,41.18469826428434,8.990704248057206,91.0092957519428,12.550196763075448,45.39091650500036,11327.528514074571,0.6876233684958237,LOW,Maintain current production plan and continue monitoring.
2018-10-01,10270.181444490114,9540.01827935926,10187.13382179321,127.01708648161224,72.51631436367904,0.1836932694278238,21.55985171495693,15.703898982007932,84.29610101799207,15.532781969300435,26.70041296497506,0.0,0.8086285831051069,Low,10187.13382179321,72.51631436367904,21.55985171495693,15.703898982007932,84.29610101799207,15.532781969300435,26.70041296497506,10505.477025895505,0.0,NO SHORTFALL,Continue current production schedule and routine monitoring.
2018-11-01,8551.461235739505,9146.953185775265,8985.274403703092,18.067264043987837,14.372031553335,0.5067581323002813,28.381976251957397,8.193864370948862,91.80613562905114,16.446729035605777,26.04018112678199,0.0,0.0,Low,8985.274403703092,14.372031553335,28.381976251957397,8.193864370948862,91.80613562905114,16.446729035605777,26.04018112678199,9084.210510819841,0.0,NO SHORTFALL,Continue current production schedule and routine monitoring.
2018-12-01,10924.774630404983,8463.850627017166,10790.180398756276,25.036768829285087,71.84253340902424,0.3369612738783908,21.67541344378025,29.65470422390612,70.34529577609388,14.644338448303394,36.75731688831727,0.0,1.2320092285850617,Low,10790.180398756276,71.84253340902424,21.67541344378025,29.65470422390612,70.34529577609388,14.644338448303394,36.75731688831727,10794.919574234886,0.0,NO SHORTFALL,Continue current production schedule and routine monitoring.
2019-01-01,10581.106602001057,10264.549691739046,10041.585829242607,227.54498880265865,41.38233387585955,0.3494047896893918,44.38357833697677,28.43366151122517,71.56633848877483,19.15495022314376,45.91491076413941,0.0,5.098906882352131,Medium,10041.585829242607,41.38233387585955,44.38357833697677,28.43366151122517,71.56633848877483,19.15495022314376,45.91491076413941,10085.119588723099,0.0,NO SHORTFALL,Continue current production schedule and routine monitoring.
2019-02-01,9030.847776695691,10031.22361325143,10737.304381164791,43.41888906822284,45.73027423029625,0.3794230272440317,40.42434768179592,3.103950718318165,96.89604928168184,1.346419070850871,30.803060288694475,125.61414333346875,0.0,Low,10737.304381164791,45.73027423029625,40.42434768179592,3.103950718318165,96.89604928168184,1.346419070850871,30.803060288694475,10611.690237831323,1.169885279156462,LOW,Maintain current production plan and continue monitoring.
2019-03-01,8954.562418017751,7158.265345371663,9303.79539342399,137.78096374605212,53.86147577652471,0.5538400918822466,41.31368553114926,21.75610483043928,78.24389516956072,4.719781727987376,44.245134437687554,39.107978723599444,0.0,Low,9303.79539342399,53.86147577652471,41.31368553114926,21.75610483043928,78.24389516956072,4.719781727987376,44.245134437687554,9264.687414700391,0.4203443548558832,LOW,Maintain current production plan and continue monitoring.
2019-04-01,8958.511274633585,7092.284410740382,8969.988122878956,108.66294462416955,74.84678247110607,0.3671324776847,43.44913078584736,27.90695288763864,72.09304711236136,1.1436946245847004,32.79484413820899,164.8078154598552,0.0,Low,8969.988122878956,74.84678247110607,43.44913078584736,27.90695288763864,72.09304711236136,1.1436946245847004,32.79484413820899,8805.180307419101,1.8373247902022796,LOW,Maintain current production plan and continue monitoring.
2019-05-01,9260.605607398844,8317.621784073173,10609.509438105555,93.36239830212224,11.33812661008348,0.6262543828836823,22.12758715299464,7.056109663565339,92.94389033643466,13.302019568937457,51.582583264405486,92.52865318938348,0.0,Low,10609.509438105555,11.33812661008348,22.12758715299464,7.056109663565339,92.94389033643466,13.302019568937457,51.582583264405486,10516.980784916172,0.8721294205842705,LOW,Maintain current production plan and continue monitoring.
2019-06-01,9811.891079080597,9836.936657736416,10098.18229274016,225.9600029649454,43.3790427822472,0.4129428006230152,29.639939812833333,17.902466455473625,82.09753354452637,18.062580430049756,51.8706983279985,15.410594024109741,0.0,Low,10098.18229274016,43.3790427822472,29.639939812833333,17.902466455473625,82.09753354452637,18.062580430049756,51.8706983279985,10082.771698716051,0.15260760379804994,LOW,Maintain current production plan and continue monitoring.
2019-07-01,9579.862546605287,10455.466452602306,9722.429012468425,15.23761522611748,58.14054297013925,0.1944295802014731,21.77587222610005,27.63367233246517,72.36632766753483,5.626163634949686,33.918616128439794,0.0,0.0,Low,9722.429012468425,58.14054297013925,21.77587222610005,27.63367233246517,72.36632766753483,5.626163634949686,33.918616128439794,9757.23425383726,0.0,NO SHORTFALL,Continue current production schedule and routine monitoring.
2019-08-01,9228.072850495104,7526.459118862349,10053.401430135427,169.3095246821414,60.589487038876,0.6594438976146697,25.269827538750715,2.950487400402368,97.04951259959763,18.613656351129823,31.89981261889721,0.0,0.0,Low,10053.401430135427,60.589487038876,25.269827538750715,2.950487400402368,97.04951259959763,18.613656351129823,31.89981261889721,10143.399265060865,0.0,NO SHORTFALL,Continue current production schedule and routine monitoring.
2019-09-01,10029.632236805948,9079.457503732472,10110.22979133241,241.2146642112521,58.47727020759756,0.3357429109852589,25.734144425941807,21.52776748291152,78.47223251708849,2.1450804155016563,37.339119161986936,4.370246385025894,0.0,Low,10110.22979133241,58.47727020759756,25.734144425941807,21.52776748291152,78.47223251708849,2.1450804155016563,37.339119161986936,10105.859544947383,0.0432259847226474,LOW,Maintain current production plan and continue monitoring.
2019-10-01,8848.734651630104,8333.117998208576,9159.652333043152,144.44036403084206,19.41045905856853,0.4312984717395207,31.727680276189467,10.325772206431422,89.67422779356858,18.75428450930477,32.21594755540446,0.0,0.0,Low,9159.652333043152,19.41045905856853,31.727680276189467,10.325772206431422,89.67422779356858,18.75428450930477,32.21594755540446,9329.38211615086,0.0,NO SHORTFALL,Continue current production schedule and routine monitoring.
2019-11-01,9230.361621338045,10394.700392351113,8758.899211795191,234.83739088794204,30.957691186017687,0.595538524094236,26.714054186341063,27.88309347054285,72.11690652945715,7.680831057553053,45.17151529875111,0.0,5.107734982483922,Medium,8758.899211795191,30.957691186017687,26.714054186341063,27.88309347054285,72.11690652945715,7.680831057553053,45.17151529875111,9141.4387648449,0.0,NO SHORTFALL,Continue current production schedule and routine monitoring.
2019-12-01,9415.904608234228,9947.41623097498,9991.850042863076,22.541891028645704,35.110086779190944,0.3660965021466628,22.524452670444028,29.189630864630296,70.81036913536971,2.926995740535114,49.781940536448566,196.86780817541512,0.0,Low,9991.850042863076,35.110086779190944,22.524452670444028,29.189630864630296,70.81036913536971,2.926995740535114,49.781940536448566,9794.98223468766,1.9702838546504489,LOW,Maintain current production plan and continue monitoring.
2020-01-01,9640.17496054259,9934.150466488984,9460.586348037885,110.51039657779872,66.31060453756535,0.1867806764953651,24.18727722735269,28.43946169517615,71.56053830482385,10.231563424540187,45.192763927336514,0.0,1.8629186009565877,Low,9460.586348037885,66.31060453756535,24.18727722735269,28.43946169517615,71.56053830482385,10.231563424540187,45.192763927336514,9577.074835006773,0.0,NO SHORTFALL,Continue current production schedule and routine monitoring.
2020-02-01,10462.939903482536,8640.426059282396,11456.89772769381,72.43786983089228,29.51319106901871,0.3930486805583288,23.681889088802272,15.277998066408983,84.72200193359102,5.878754786689651,49.73051341748048,0.0,0.0,Low,11456.89772769381,29.51319106901871,23.681889088802272,15.277998066408983,84.72200193359102,5.878754786689651,49.73051341748048,11459.64322174294,0.0,NO SHORTFALL,Continue current production schedule and routine monitoring.
2020-03-01,8999.1844553959,8451.868258181828,8594.940834777226,185.39703159537515,24.749347470704222,0.7638915787512973,44.326919947807454,26.13719422770077,73.86280577229923,6.412585137276534,36.90976486622422,0.0,4.492002832282097,Low,8594.940834777226,24.749347470704222,44.326919947807454,26.13719422770077,73.86280577229923,6.412585137276534,36.90976486622422,8708.186814415998,0.0,NO SHORTFALL,Continue current production schedule and routine monitoring.
2020-04-01,9785.586096034029,7956.924751757472,8974.067951018802,245.5113017193392,77.02136133266673,0.5671273582440628,38.98231267296184,25.64738315898197,74.35261684101803,6.838509333599445,29.689509121265825,0.0,8.292994788979728,Medium,8974.067951018802,77.02136133266673,38.98231267296184,25.64738315898197,74.35261684101803,6.838509333599445,29.689509121265825,9220.206546551148,0.0,NO SHORTFALL,Continue current production schedule and routine monitoring.
2020-05-01,9981.036422155106,7197.314238278245,11165.473953250072,71.56721498661948,10.620429957942823,0.5864614466336845,44.19403663173905,10.934813250811157,89.06518674918884,16.257492058820603,47.13852842192776,0.0,0.0,Low,11165.473953250072,10.620429957942823,44.19403663173905,10.934813250811157,89.06518674918884,16.257492058820603,47.13852842192776,11169.741475396722,0.0,NO SHORTFALL,Continue current production schedule and routine monitoring.
2020-06-01,8616.126031799995,10026.528316892687,8529.754327346884,167.00190435377786,79.84745989773847,0.5609833998644659,30.993512162697712,25.20963327621897,74.79036672378103,11.244064256829835,35.81423515424662,0.0,1.0024424449495593,Low,8529.754327346884,79.84745989773847,30.993512162697712,25.20963327621897,74.79036672378103,11.244064256829835,35.81423515424662,8545.737365464456,0.0,NO SHORTFALL,Continue current production schedule and routine monitoring.
2020-07-01,10018.862129753596,9845.153531955271,12121.696667430962,57.54343186233763,57.37749092001769,0.2793448903236339,26.959212041566417,3.0362137720337934,96.9637862279662,6.914846283964069,45.13812475687398,565.7235922956152,0.0,Low,12121.696667430962,57.37749092001769,26.959212041566417,3.0362137720337934,96.9637862279662,6.914846283964069,45.13812475687398,11555.973075135347,4.6670330714975155,LOW,Maintain current production plan and continue monitoring.
2020-08-01,8926.310309218228,10499.011856501456,8840.079790760628,145.67926109718638,67.9928509614382,0.4219170116664821,39.95732993022966,18.69555659749749,81.30444340250251,12.59634188290745,33.11931825945297,0.0,0.9660264484481264,Low,8840.079790760628,67.9928509614382,39.95732993022966,18.69555659749749,81.30444340250251,12.59634188290745,33.11931825945297,8909.462368694352,0.0,NO SHORTFALL,Continue current production schedule and routine monitoring.
2020-09-01,8662.628982463199,10488.228929758669,9276.643539793236,121.34379680520068,30.623357744233523,0.6381108689361569,28.15634795102867,8.440247444055686,91.55975255594431,14.606862810240678,27.43688904420018,13.932917812127926,0.0,Low,9276.643539793236,30.623357744233523,28.15634795102867,8.440247444055686,91.55975255594431,14.606862810240678,27.43688904420018,9262.710621981108,0.1501935236851676,LOW,Maintain current production plan and continue monitoring.
2020-10-01,10872.213843133331,8944.010969609197,12010.005810115375,243.2812791115689,11.002069436694198,0.2158923834095534,27.484584342633703,5.375872801763807,94.6241271982362,6.179856013937141,54.7774538646329,39.77286327429465,0.0,Low,12010.005810115375,11.002069436694198,27.484584342633703,5.375872801763807,94.6241271982362,6.179856013937141,54.7774538646329,11970.23294684108,0.33116439661333164,LOW,Maintain current production plan and continue monitoring.
2020-11-01,10914.080082686398,9691.455953131786,11796.554543181635,156.04654544715197,61.650866299307104,0.3306043044583129,25.81264980519578,4.154689645617856,95.84531035438216,8.857432928981678,29.68604523791798,0.0,0.0,Low,11796.554543181635,61.650866299307104,25.81264980519578,4.154689645617856,95.84531035438216,8.857432928981678,29.68604523791798,11807.8263078974,0.0,NO SHORTFALL,Continue current production schedule and routine monitoring.
2020-12-01,10520.993370291151,10306.680054588498,11312.971830360086,93.8815293008365,68.3901217900473,0.3296074205028048,23.241974455605884,21.496085724587918,78.50391427541209,3.315835773402004,54.65262981890443,171.42574548471748,0.0,Low,11312.971830360086,68.3901217900473,23.241974455605884,21.496085724587918,78.50391427541209,3.315835773402004,54.65262981890443,11141.546084875368,1.5153025045520785,LOW,Maintain current production plan and continue monitoring.
2021-01-01,9261.534422933426,9973.76586737094,11110.9675480463,37.38298837310401,61.83332923674634,0.4308123029364289,26.41157652541915,11.516498985505851,88.48350101449415,4.441837641158926,54.318397976993424,342.62655321216334,0.0,Low,11110.9675480463,61.83332923674634,26.41157652541915,11.516498985505851,88.48350101449415,4.441837641158926,54.318397976993424,10768.340994834136,3.083678822123904,LOW,Maintain current production plan and continue monitoring.
2021-02-01,8744.18028501596,7865.718356101192,9067.065654484184,46.299238896384296,19.9995201110587,0.7872396816124203,28.88299371184719,22.29346960280532,77.70653039719468,13.941239225334671,48.81454311724119,39.61257495436075,0.0,Low,9067.065654484184,19.9995201110587,28.88299371184719,22.29346960280532,77.70653039719468,13.941239225334671,48.81454311724119,9027.453079529823,0.4368841747028716,LOW,Maintain current production plan and continue monitoring.
2021-03-01,10210.582566280393,8576.904473585328,12130.078635623444,64.07606318829642,62.73995455798784,0.1938766553444842,36.84985520364326,3.8299775423703855,96.1700224576296,4.447328606216912,44.78268886245993,262.0027371717224,0.0,Low,12130.078635623444,62.73995455798784,36.84985520364326,3.8299775423703855,96.1700224576296,4.447328606216912,44.78268886245993,11868.075898451722,2.1599426107781072,LOW,Maintain current production plan and continue monitoring.
2021-04-01,9600.381234349004,7452.057953030232,10644.8557508903,70.23199872167152,63.82459474753487,0.4871556463473867,21.56412105548629,10.82812945925709,89.17187054074292,10.978104289674144,42.334211507532544,82.00027913511803,0.0,Low,10644.8557508903,63.82459474753487,21.56412105548629,10.82812945925709,89.17187054074292,10.978104289674144,42.334211507532544,10562.855471755181,0.7703277625745168,LOW,Maintain current production plan and continue monitoring.
2021-05-01,8805.095587111948,10339.178595405529,9515.554523290188,214.14785388187303,56.09783609690384,0.2665870433079368,25.26267349163357,17.105756186509442,82.89424381349056,14.471878972726222,50.98304636133504,158.42513102323755,0.0,Low,9515.554523290188,56.09783609690384,25.26267349163357,17.105756186509442,82.89424381349056,14.471878972726222,50.98304636133504,9357.12939226695,1.664906975578539,LOW,Maintain current production plan and continue monitoring.
2021-06-01,9737.942275278176,9121.61122057808,9553.196619853385,144.693469187806,63.62811529569103,0.7809397545163337,40.22559100729191,24.14024861549098,75.85975138450902,3.030661538800133,33.68318564858464,0.0,1.8971734500194024,Low,9553.196619853385,63.62811529569103,40.22559100729191,24.14024861549098,75.85975138450902,3.030661538800133,33.68318564858464,9608.80749400677,0.0,NO SHORTFALL,Continue current production schedule and routine monitoring.
2021-07-01,8585.971302788046,7800.24981926212,9433.246191667897,135.61381872984794,69.21450077744126,0.2236472780728517,23.673048089594268,10.925070082097957,89.07492991790204,11.778932172949167,39.03043637454631,0.0,0.0,Low,9433.246191667897,69.21450077744126,23.673048089594268,10.925070082097957,89.07492991790204,11.778932172949167,39.03043637454631,9448.859072815532,0.0,NO SHORTFALL,Continue current production schedule and routine monitoring.
2021-08-01,10773.301005196954,9350.9523954205,11754.037005610837,37.54452924861219,52.95228799662209,0.4123406515350343,28.56612866306304,19.524958540236256,80.47504145976374,5.874692890325911,43.58169908099506,183.05952197707484,0.0,Low,11754.037005610837,52.95228799662209,28.56612866306304,19.524958540236256,80.47504145976374,5.874692890325911,43.58169908099506,11570.977483633762,1.557418288624501,LOW,Maintain current production plan and continue monitoring.
2021-09-01,9146.949954000042,9163.448841602636,8178.996728145019,216.4335264038644,16.202329977877532,0.629625240142494,41.61647304645351,26.80737695061324,73.19262304938675,19.295610629514016,37.33571427608473,0.0,10.582251250120024,Medium,8178.996728145019,16.202329977877532,41.61647304645351,26.80737695061324,73.19262304938675,19.295610629514016,37.33571427608473,8426.558754672165,0.0,NO SHORTFALL,Continue current production schedule and routine monitoring.
2021-10-01,10156.305710884955,8253.569513114942,10346.302210246937,183.4754327700361,44.13394667670476,0.6079603782178394,23.873132778586065,19.24416926910453,80.75583073089547,10.187367287678567,37.82459362270804,28.66933621785938,0.0,Low,10346.302210246937,44.13394667670476,23.873132778586065,19.24416926910453,80.75583073089547,10.187367287678567,37.82459362270804,10317.632874029077,0.277097417369709,LOW,Maintain current production plan and continue monitoring.
2021-11-01,9279.277690223527,7397.451572698702,10185.638734305068,26.24040685600038,15.435453427012355,0.4247736139810559,22.068420890454743,8.522865293101745,91.47713470689824,16.313858445728002,34.908540025062536,0.0,0.0,Low,10185.638734305068,15.435453427012355,22.068420890454743,8.522865293101745,91.47713470689824,16.313858445728002,34.908540025062536,10450.183983454814,0.0,NO SHORTFALL,Continue current production schedule and routine monitoring.
2021-12-01,9800.170052944526,9350.5061845748,10972.162886488575,179.88042333514449,38.52801217227016,0.3752407091692669,32.11344987700027,2.683221883583065,97.31677811641694,11.454304300968971,41.92695450053608,79.23267447664875,0.0,Low,10972.162886488575,38.52801217227016,32.11344987700027,2.683221883583065,97.31677811641694,11.454304300968971,41.92695450053608,10892.930212011926,0.7221244826233674,LOW,Maintain current production plan and continue monitoring.
2022-01-01,9866.775698358198,8821.076953163276,10101.098854585498,140.44917216223504,38.497454238793935,0.4084480460593659,27.56048778196341,26.36276846922604,73.63723153077396,1.824838124241564,50.51723584045348,42.19972806417536,0.0,Low,10101.098854585498,38.497454238793935,27.56048778196341,26.36276846922604,73.63723153077396,1.824838124241564,50.51723584045348,10058.899126521323,0.4177736370238408,LOW,Maintain current production plan and continue monitoring.
2022-02-01,8962.136138813818,9703.114371074738,10207.164568707123,29.61408297922678,14.62068908981691,0.3217795710531155,34.08520911209635,2.59554350381084,97.40445649618916,13.029876136286424,31.045851340189387,0.0,0.0,Low,10207.164568707123,14.62068908981691,34.08520911209635,2.59554350381084,97.40445649618916,13.029876136286424,31.045851340189387,10258.497789804229,0.0,NO SHORTFALL,Continue current production schedule and routine monitoring.
2022-03-01,10923.961569411396,8820.572253891976,11101.65334045598,119.99215396687757,34.41743737786355,0.2834664101594198,40.09512226208688,26.49164683515758,73.50835316484242,19.076663501926483,53.03299116260324,103.77920320049998,0.0,Low,11101.65334045598,34.41743737786355,40.09512226208688,26.49164683515758,73.50835316484242,19.076663501926483,53.03299116260324,10997.87413725548,0.9348085372321439,LOW,Maintain current production plan and continue monitoring.
2022-04-01,10437.832058402786,9982.63525111489,11005.783692558378,126.32710891121128,17.769866915392036,0.4639758034132785,23.428712203818577,16.810239752761937,83.18976024723807,12.430624582780291,45.67262961244689,0.0,0.0,Low,11005.783692558378,17.769866915392036,23.428712203818577,16.810239752761937,83.18976024723807,12.430624582780291,45.67262961244689,11032.122435986139,0.0,NO SHORTFALL,Continue current production schedule and routine monitoring.
2022-05-01,10848.747353910472,8931.6739357107,10943.471779822628,49.78588963918618,66.57646470064554,0.3245469414439447,34.517477113857126,28.293895558361093,71.7061044416389,16.564588329109014,49.6981963804009,39.23448133456259,0.0,Low,10943.471779822628,66.57646470064554,34.517477113857126,28.293895558361093,71.7061044416389,16.564588329109014,49.6981963804009,10904.237298488066,0.35851950938368937,LOW,Maintain current production plan and continue monitoring.
2022-06-01,10737.068376069124,8963.282900373852,10039.78704143855,236.96755528006776,76.33816181751295,0.3368500821832125,32.6377190097466,24.36593060166263,75.63406939833737,17.799922803619747,41.68572077890035,0.0,6.49415008089805,Medium,10039.78704143855,76.33816181751295,32.6377190097466,24.36593060166263,75.63406939833737,17.799922803619747,41.68572077890035,10154.947180337014,0.0,NO SHORTFALL,Continue current production schedule and routine monitoring.
2022-07-01,9994.749947027713,10068.287609304209,9675.8128248348,213.9940891553589,15.062153268055702,0.5768914412584621,23.60196965032999,29.942155094933447,70.05784490506656,5.333515667029717,48.38550104272191,0.0,3.191046538265416,Low,9675.8128248348,15.062153268055702,23.60196965032999,29.942155094933447,70.05784490506656,5.333515667029717,48.38550104272191,9766.986584010807,0.0,NO SHORTFALL,Continue current production schedule and routine monitoring.
2022-08-01,10804.685587557791,8412.19003174339,11392.381564664309,170.565360958986,76.8580645104191,0.77954926560493,35.59996213822456,11.819930832647884,88.18006916735212,5.028851958256306,25.486011920184016,122.78372243987724,0.0,Low,11392.381564664309,76.8580645104191,35.59996213822456,11.819930832647884,88.18006916735212,5.028851958256306,25.486011920184016,11269.597842224432,1.0777704533766221,LOW,Maintain current production plan and continue monitoring.
2022-09-01,8721.231255129798,7469.053299577243,8647.557503779728,120.95093464014572,46.58036195357216,0.5423641803635938,26.84101044651929,23.481272090071556,76.51872790992844,12.608638788168845,49.55141274338605,0.0,0.8447631899077964,Low,8647.557503779728,46.58036195357216,26.84101044651929,23.481272090071556,76.51872790992844,12.608638788168845,49.55141274338605,8759.09985293377,0.0,NO SHORTFALL,Continue current production schedule and routine monitoring.
2022-10-01,8989.957156047863,7100.739367096687,9268.004949561926,108.82372998028204,30.96959745677117,0.200036653592228,32.19585796360031,13.25406558105878,86.74593441894122,8.80954092632739,26.204165772560994,0.0,0.0,Low,9268.004949561926,30.96959745677117,32.19585796360031,13.25406558105878,86.74593441894122,8.80954092632739,26.204165772560994,9375.37872224325,0.0,NO SHORTFALL,Continue current production schedule and routine monitoring.
2022-11-01,8613.068222276344,9642.980394857666,9128.047128981058,166.233632116229,15.380345269331446,0.1991293490051435,22.056808106926542,15.436517368509447,84.56348263149056,16.957364754467687,51.69740129088588,0.0,0.0,Low,9128.047128981058,15.380345269331446,22.056808106926542,15.436517368509447,84.56348263149056,16.957364754467687,51.69740129088588,9208.378824065912,0.0,NO SHORTFALL,Continue current production schedule and routine monitoring.
2022-12-01,9313.325826908162,9171.083429737126,9668.411988950154,140.9036486576573,45.043698764929246,0.768425093549618,31.489601430340574,19.570152970114364,80.42984702988564,18.10043934456221,54.7588824171593,5.963437999465896,0.0,Low,9668.411988950154,45.043698764929246,31.489601430340574,19.570152970114364,80.42984702988564,18.10043934456221,54.7588824171593,9662.448550950689,0.06167960163759464,LOW,Maintain current production plan and continue monitoring.
2023-01-01,9471.693224223704,9464.279188347282,9551.565504625263,24.945545411652542,65.61608811435241,0.3432390136997668,27.661586701070508,26.462959197217486,73.53704080278251,7.715006206751644,33.822023865303336,86.30782789732439,0.0,Low,9551.565504625263,65.61608811435241,27.661586701070508,26.462959197217486,73.53704080278251,7.715006206751644,33.822023865303336,9465.257676727939,0.9035987645745671,LOW,Maintain current production plan and continue monitoring.
2023-02-01,9178.37257943474,7745.374565281188,8754.309123577306,133.0006357048796,59.49605340866887,0.209843540953609,40.55953027963386,29.554337137580266,70.44566286241974,5.500540620515159,31.30955668857381,0.0,4.620246696103825,Low,8754.309123577306,59.49605340866887,40.55953027963386,29.554337137580266,70.44566286241974,5.500540620515159,31.30955668857381,8837.48410193657,0.0,NO SHORTFALL,Continue current production schedule and routine monitoring.
2023-03-01,10571.843772879824,7477.300164553694,10402.765293271888,203.5368681358815,13.515820802478164,0.539378981647748,21.42446817493421,23.51165558820651,76.48834441179349,15.829984789633375,47.96090091574122,69.60167941746295,1.5993282084027367,Low,10402.765293271888,13.515820802478164,21.42446817493421,23.51165558820651,76.48834441179349,15.829984789633375,47.96090091574122,10333.163613854425,0.6690690163170235,LOW,Maintain current production plan and continue monitoring.
2023-04-01,9391.883316733973,7050.906329837587,10028.054691482444,120.21757062326994,15.103128475753245,0.555371705888673,30.465181872958247,13.697469900685345,86.30253009931465,6.221314675414586,32.5907902276076,340.03231648080873,0.0,Low,10028.054691482444,15.103128475753245,30.465181872958247,13.697469900685345,86.30253009931465,6.221314675414586,32.5907902276076,9688.022375001636,3.3908103509808627,LOW,Maintain current production plan and continue monitoring.
2023-05-01,9202.336274218453,8227.056455823089,10021.269303421164,22.469578613024417,38.2011297842846,0.5715281330771473,31.46078560328595,13.797996063757966,86.20200393624204,16.62967205175989,50.9668714951661,59.41367330714456,0.0,Low,10021.269303421164,38.2011297842846,31.46078560328595,13.797996063757966,86.20200393624204,16.62967205175989,50.9668714951661,9961.85563011402,0.5928757276971023,LOW,Maintain current production plan and continue monitoring.
2023-06-01,9856.740207895622,9064.711903991216,9429.483060288236,198.706767852168,30.67033458335603,0.3238113181074018,38.12515190747797,22.65230444448896,77.34769555551104,9.051026819326491,28.085277764724303,0.0,4.334669866464951,Low,9429.483060288236,30.67033458335603,38.12515190747797,22.65230444448896,77.34769555551104,9.051026819326491,28.085277764724303,9560.457212837113,0.0,NO SHORTFALL,Continue current production schedule and routine monitoring.
2023-07-01,8852.310562436907,8372.854157849062,9768.528605593408,58.32730771263385,26.26690261392335,0.1598219447394087,34.357189377255274,8.685760081512466,91.31423991848752,13.683448086537938,28.778655891380748,42.02432396834229,0.0,Low,9768.528605593408,26.26690261392335,34.357189377255274,8.685760081512466,91.31423991848752,13.683448086537938,28.778655891380748,9726.504281625066,0.43020116606178926,LOW,Maintain current production plan and continue monitoring.
2023-08-01,10505.492451885098,8531.162227083052,12589.99698731757,72.06900037312931,29.67031492360995,0.7772599901454067,36.68030842985453,5.09327516767905,94.90672483232096,2.815170962858695,54.37454665301847,343.9603136443693,0.0,Low,12589.99698731757,29.67031492360995,36.68030842985453,5.09327516767905,94.90672483232096,2.815170962858695,54.37454665301847,12246.036673673201,2.732012676340232,LOW,Maintain current production plan and continue monitoring.
2023-09-01,8686.376609199428,10164.55543072812,9569.046125256673,49.52952482375102,66.24379203078192,0.3130804796992166,39.4262321412939,11.929420413941743,88.07057958605826,12.853327168854888,45.21516694810014,0.0,0.0,Low,9569.046125256673,66.24379203078192,39.4262321412939,11.929420413941743,88.07057958605826,12.853327168854888,45.21516694810014,9590.253494136687,0.0,NO SHORTFALL,Continue current production schedule and routine monitoring.
2023-10-01,10967.217341501291,8218.894134581551,12255.17951725938,89.25161556915941,75.04596375422977,0.5894170872341559,41.55507434145472,10.042691766314288,89.95730823368571,9.583585896007351,50.406616732868585,435.72179472807875,0.0,Low,12255.17951725938,75.04596375422977,41.55507434145472,10.042691766314288,89.95730823368571,9.583585896007351,50.406616732868585,11819.4577225313,3.5554093199078576,LOW,Maintain current production plan and continue monitoring.
2023-11-01,10430.611923241644,8798.963212059338,10593.430092860155,191.6203613652724,38.35718861692965,0.6093094154211612,27.84688741806176,10.296627372767723,89.70337262723228,12.145560800334009,34.729881320545545,0.0,0.0,Low,10593.430092860155,38.35718861692965,27.84688741806176,10.296627372767723,89.70337262723228,12.145560800334009,34.729881320545545,11131.982582316286,0.0,NO SHORTFALL,Continue current production schedule and routine monitoring.
2023-12-01,8996.789203835431,9742.785544594,10334.560188669431,134.65260628094495,73.42777014927479,0.5465048211016658,33.450567634097574,8.541017029397478,91.45898297060252,4.192269947152405,45.29451248561813,0.0,0.0,Low,10334.560188669431,73.42777014927479,33.450567634097574,8.541017029397478,91.45898297060252,4.192269947152405,45.29451248561813,10380.260672314655,0.0,NO SHORTFALL,Continue current production schedule and routine monitoring.
2024-01-01,8513.805292809006,8387.899738124446,10185.758758413636,59.17150579617101,32.50469908735174,0.3533898062388713,41.00270196098,3.1786093098181327,96.82139069018189,15.00060115393946,42.82725481925792,499.4752202621221,0.0,Low,10185.758758413636,32.50469908735174,41.00270196098,3.1786093098181327,96.82139069018189,15.00060115393946,42.82725481925792,9686.283538151514,4.90366237909911,LOW,Maintain current production plan and continue monitoring.
2024-02-01,10538.653571137083,9177.303450797555,11304.370092473368,220.6792187564898,43.350589044065416,0.3262125649466427,44.73627827412641,2.5004701725355867,97.4995298274644,17.393144473321343,43.09450360368841,0.0,0.0,Low,11304.370092473368,43.350589044065416,44.73627827412641,2.5004701725355867,97.4995298274644,17.393144473321343,43.09450360368841,11587.675279809331,0.0,NO SHORTFALL,Continue current production schedule and routine monitoring.
2024-03-01,10267.143359619044,10018.272980613609,9869.034698359452,221.099645188367,25.82202984711998,0.538484383756757,42.23798277609408,29.656226912608883,70.34377308739111,5.1180562017247375,45.47597378613165,0.0,3.8775017287219744,Low,9869.034698359452,25.82202984711998,42.23798277609408,29.656226912608883,70.34377308739111,5.1180562017247375,45.47597378613165,9891.946324581113,0.0,NO SHORTFALL,Continue current production schedule and routine monitoring.
2024-04-01,10322.517920102468,10323.322182801749,11173.749422961217,218.93882201104165,54.83332295230908,0.7129621618475995,29.28668156560942,13.977647744604145,86.02235225539586,2.818576554883073,42.26077519387296,362.542469183707,0.0,Low,11173.749422961217,54.83332295230908,29.28668156560942,13.977647744604145,86.02235225539586,2.818576554883073,42.26077519387296,10811.20695377751,3.2445910093411383,LOW,Maintain current production plan and continue monitoring.
2024-05-01,10428.175866714864,7514.757183251633,11262.6851380678,67.31109073156944,78.52867806223662,0.7653769238002072,24.87916293046626,12.761146120471087,87.23885387952892,1.4491331348803915,37.87187107907998,0.0,0.0,Low,11262.6851380678,78.52867806223662,24.87916293046626,12.761146120471087,87.23885387952892,1.4491331348803915,37.87187107907998,11273.594094973063,0.0,NO SHORTFALL,Continue current production schedule and routine monitoring.
2024-06-01,8685.111629335226,10243.05668806523,8592.592047765485,118.29744260343716,52.2445167230365,0.2188387728624424,32.23481343516472,21.030123915405955,78.96987608459405,13.197458508422054,33.277680831416404,0.0,1.0652664642471878,Low,8592.592047765485,52.2445167230365,32.23481343516472,21.030123915405955,78.96987608459405,13.197458508422054,33.277680831416404,8802.28314075819,0.0,NO SHORTFALL,Continue current production schedule and routine monitoring.
2024-07-01,9396.164321360682,8722.407025778384,10234.276896857322,246.39751747381,35.04698588794842,0.2506385981885179,38.54103629590105,8.111108860221798,91.8888911397782,12.534786685686834,48.05743992739606,0.0,0.0,Low,10234.276896857322,35.04698588794842,38.54103629590105,8.111108860221798,91.8888911397782,12.534786685686834,48.05743992739606,10317.928670848127,0.0,NO SHORTFALL,Continue current production schedule and routine monitoring.
2024-08-01,8789.672648812824,7903.855359046354,7898.292571227875,195.28299431439768,55.34722121933699,0.7640785682090018,32.31422676883244,28.598913150606307,71.40108684939369,11.38725084156733,31.788172900095585,0.0,10.141220420823563,Medium,7898.292571227875,55.34722121933699,32.31422676883244,28.598913150606307,71.40108684939369,11.38725084156733,31.788172900095585,8356.511815346143,0.0,NO SHORTFALL,Continue current production schedule and routine monitoring.
2024-09-01,10657.758564688984,8606.975146833915,11245.059585936284,16.520181094134358,18.60444749257713,0.6287478984176151,32.079521582841714,24.017660403635457,75.98233959636454,5.406994826203533,45.770629184632426,183.02829107496837,0.0,Low,11245.059585936284,18.60444749257713,32.079521582841714,24.017660403635457,75.98233959636454,5.406994826203533,45.770629184632426,11062.031294861315,1.627632914492281,LOW,Maintain current production plan and continue monitoring.
2024-10-01,10058.245317068897,10430.11401349917,11635.757690214556,25.64910190251809,72.2061356185779,0.7239459861393526,40.955760527045015,4.503508064743267,95.49649193525671,8.427213922204778,31.9999846794798,112.3922883222076,0.0,Low,11635.757690214556,72.2061356185779,40.955760527045015,4.503508064743267,95.49649193525671,8.427213922204778,31.9999846794798,11523.365401892348,0.9659215266808737,LOW,Maintain current production plan and continue monitoring.
2024-11-01,9327.245062131624,8724.163328975044,10063.712925888402,121.34353043495986,45.21587655458855,0.281711212187973,29.03509447667966,13.692261721977994,86.307738278022,12.295050368537288,43.75990509863362,269.1745106472117,0.0,Low,10063.712925888402,45.21587655458855,29.03509447667966,13.692261721977994,86.307738278022,12.295050368537288,43.75990509863362,9794.53841524119,2.6747037860626337,LOW,Maintain current production plan and continue monitoring.
2024-12-01,8658.89587571506,8150.630636006279,8365.005663405125,228.21284940677444,41.45448194277495,0.5319308162211113,41.49486687029114,26.615312611740613,73.38468738825938,10.43857031832422,47.41234801387087,0.0,3.3940841480053536,Low,8365.005663405125,41.45448194277495,41.49486687029114,26.615312611740613,73.38468738825938,10.43857031832422,47.41234801387087,8418.529357679929,0.0,NO SHORTFALL,Continue current production schedule and routine monitoring.
2025-01-01,9277.455804289157,9216.90299010854,8374.218075793078,139.2884315086514,51.01053519174634,0.6057407363713578,30.17012002379309,28.452496624159487,71.5475033758405,19.76792488408286,31.561416667196177,0.0,9.735834344567738,Medium,8374.218075793078,51.01053519174634,30.17012002379309,28.452496624159487,71.5475033758405,19.76792488408286,31.561416667196177,9089.805004509943,0.0,NO SHORTFALL,Continue current production schedule and routine monitoring.
2025-02-01,9312.958305066868,7840.509665723675,9765.79672420969,129.47500192822966,53.73487039525817,0.5920727255405323,28.20582764195849,15.087242314996352,84.91275768500364,3.592355298577929,26.79829902583925,37.39267720416865,0.0,Low,9765.79672420969,53.73487039525817,28.20582764195849,15.087242314996352,84.91275768500364,3.592355298577929,26.79829902583925,9728.40404700552,0.38289428154357474,LOW,Maintain current production plan and continue monitoring.
2025-03-01,10324.01544584516,7265.521648380323,10380.69205051673,35.313687989591344,15.024306435855912,0.4152985990633537,31.34974777999248,19.175518897899817,80.82448110210018,14.207746526904282,28.929212289825223,0.0,0.0,Low,10380.69205051673,15.024306435855912,31.34974777999248,19.175518897899817,80.82448110210018,14.207746526904282,28.929212289825223,10649.33235044699,0.0,NO SHORTFALL,Continue current production schedule and routine monitoring.
2025-04-01,10093.893678388033,7451.079026687272,11187.214659567266,167.62722513383056,57.78320548563817,0.1600066795993505,39.061173966871706,6.676950490578106,93.32304950942188,8.68205659398155,43.179909018130765,66.00529836830174,0.0,Low,11187.214659567266,57.78320548563817,39.061173966871706,6.676950490578106,93.32304950942188,8.68205659398155,43.179909018130765,11121.209361198964,0.5900065420828788,LOW,Maintain current production plan and continue monitoring.
2025-05-01,10718.031856440815,7448.160436352204,10261.896403096704,207.30475854405407,26.93521762208707,0.528901936922771,23.150050696599852,29.75272153183534,70.24727846816467,9.13579268358668,50.48339218677207,21.155864486279825,4.255776241885335,Low,10261.896403096704,26.93521762208707,23.150050696599852,29.75272153183534,70.24727846816467,9.13579268358668,50.48339218677207,10240.740538610424,0.2061594042198251,LOW,Maintain current production plan and continue monitoring.
2025-06-01,9680.537312904871,7531.659427293031,10137.708753230634,101.30080180181496,59.97668427546129,0.3145160004667456,24.910480396800438,8.486807638736416,91.51319236126358,14.63435754750535,26.34990463706273,0.0,0.0,Low,10137.708753230634,59.97668427546129,24.910480396800438,8.486807638736416,91.51319236126358,14.63435754750535,26.34990463706273,10333.811243166323,0.0,NO SHORTFALL,Continue current production schedule and routine monitoring.
2025-07-01,8798.985614845755,7485.895104272936,8127.510722586532,196.14684422207856,67.57743560689377,0.4426652599928787,43.7861206415773,28.39648967578352,71.60351032421649,14.156286875163024,47.024537771249385,0.0,7.63127616808808,Medium,8127.510722586532,67.57743560689377,43.7861206415773,28.39648967578352,71.60351032421649,14.156286875163024,47.024537771249385,8477.508448149456,0.0,NO SHORTFALL,Continue current production schedule and routine monitoring.
2025-08-01,10283.111968057488,9243.06160681125,9730.417775916576,241.4743969361948,66.27709552867643,0.7724276598044812,24.387290684533934,20.19010617178632,79.80989382821369,19.83386388034158,35.23955937850157,0.0,5.374775591841758,Medium,9730.417775916576,66.27709552867643,24.387290684533934,20.19010617178632,79.80989382821369,19.83386388034158,35.23955937850157,9850.2640998559,0.0,NO SHORTFALL,Continue current production schedule and routine monitoring.
2025-09-01,10401.962621542243,7636.580295397007,10950.896024982172,58.90395019064538,48.67506771855224,0.4093729564675825,34.193182948276366,19.016630256608057,80.98336974339195,3.4394914996283794,39.35585109758568,15.937415630001851,0.0,Low,10950.896024982172,48.67506771855224,34.193182948276366,19.016630256608057,80.98336974339195,3.4394914996283794,39.35585109758568,10934.95860935217,0.1455352657320824,LOW,Maintain current production plan and continue monitoring.
2025-10-01,9903.192993923742,8209.835491633521,10726.809678631487,135.5991114867379,46.41189246175258,0.6958710443318774,34.482861666548445,16.35527830846224,83.64472169153777,2.9780833382991605,52.86578649536697,297.22918189849224,0.0,Low,10726.809678631487,46.41189246175258,34.482861666548445,16.35527830846224,83.64472169153777,2.9780833382991605,52.86578649536697,10429.580496732995,2.770900116654371,LOW,Maintain current production plan and continue monitoring.
2025-11-01,10427.417949886403,10138.75943467104,11360.807531268512,78.91310994029813,20.00131729375882,0.2725513937370132,32.24061155125612,8.458754728097244,91.54124527190277,14.762437525446082,34.959145142075364,4.794772571176509,0.0,Low,11360.807531268512,20.00131729375882,32.24061155125612,8.458754728097244,91.54124527190277,14.762437525446082,34.959145142075364,11356.012758697336,0.04220450489967186,LOW,Maintain current production plan and continue monitoring.
2025-12-01,9734.488990910975,8658.865740920053,10515.4680148189,200.28506056812145,64.27423052821949,0.5870993237162687,36.11863121442046,6.942784896154231,93.05721510384576,11.989351423121771,38.96010801818458,0.0,0.0,Low,10515.4680148189,64.27423052821949,36.11863121442046,6.942784896154231,93.05721510384576,11.989351423121771,38.96010801818458,10538.59233760454,0.0,NO SHORTFALL,Continue current production schedule and routine monitoring.
2026-01-01,9806.832073454983,9336.452084823595,10648.225809512467,148.6224078114778,28.99865663127001,0.7850545203853133,25.74566814494046,8.173613853964909,91.82638614603508,6.209052664636311,25.410472442820435,65.17194187812129,0.0,Low,10648.225809512467,28.99865663127001,25.74566814494046,8.173613853964909,91.82638614603508,6.209052664636311,25.410472442820435,10583.053867634346,0.6120450772174714,LOW,Maintain current production plan and continue monitoring.
2026-02-01,9568.852545896374,7603.119549205704,10340.948412487662,162.2997802120729,44.76867959725626,0.2162305155674089,33.81655669441871,7.220271340039126,92.77972865996088,2.508968010790745,27.44796160014515,0.0,0.0,Low,10340.948412487662,44.76867959725626,33.81655669441871,7.220271340039126,92.77972865996088,2.508968010790745,27.44796160014515,10377.770791957535,0.0,NO SHORTFALL,Continue current production schedule and routine monitoring.
2026-03-01,8563.547816860239,7673.0115658303475,8429.702073251534,201.49939830781457,29.89918650492617,0.1554079624476748,29.304331381172428,23.82836525986909,76.17163474013091,2.62750674233218,32.75774773404352,0.0,1.5629707040951422,Low,8429.702073251534,29.89918650492617,29.304331381172428,23.82836525986909,76.17163474013091,2.62750674233218,32.75774773404352,8574.304675811227,0.0,NO SHORTFALL,Continue current production schedule and routine monitoring.
2026-04-01,8769.728567483262,7143.040156932676,8967.032762648034,105.03291343898915,19.36798540997852,0.4318288152111993,36.54168149072973,11.803507256668444,88.19649274333156,17.989626618618246,25.835567224632232,0.0,0.0,Low,8967.032762648034,19.36798540997852,36.54168149072973,11.803507256668444,88.19649274333156,17.989626618618246,25.835567224632232,9067.780690435178,0.0,NO SHORTFALL,Continue current production schedule and routine monitoring.
2026-05-01,8578.572964216835,7591.272720752576,9843.893064316524,229.6216164176904,54.06903878242156,0.2102065639833886,23.530588584328736,3.6195949437750974,96.3804050562249,4.645479169656115,43.94125978144753,11.880244004865745,0.0,Low,9843.893064316524,54.06903878242156,23.530588584328736,3.6195949437750974,96.3804050562249,4.645479169656115,43.94125978144753,9832.012820311658,0.12068643906678407,LOW,Maintain current production plan and continue monitoring.
2026-06-01,10091.026028159453,7975.066186611855,9611.410139878504,137.9269281390736,13.803242437603268,0.6364498272895504,34.27193542098691,29.13487364394272,70.86512635605729,7.144059680194895,37.79195070404867,0.0,4.752895165888559,Low,9611.410139878504,13.803242437603268,34.27193542098691,29.13487364394272,70.86512635605729,7.144059680194895,37.79195070404867,9912.909802263035,0.0,NO SHORTFALL,Continue current production schedule and routine monitoring.
2026-07-01,9285.889952690815,7619.536694968614,9510.927930828062,47.90915748048352,62.405166388834,0.7444566315015634,24.631758884583093,26.74600477897592,73.25399522102408,5.306471642312772,41.44435608184066,82.03375343672451,0.0,Low,9510.927930828062,62.405166388834,24.631758884583093,26.74600477897592,73.25399522102408,5.306471642312772,41.44435608184066,9428.894177391338,0.8625210287928478,LOW,Maintain current production plan and continue monitoring.
2026-08-01,9771.426727911758,7310.458868149694,9182.881169133558,177.0157883605126,32.231075668278166,0.4321136322606932,26.96607657787591,27.977063929465963,72.02293607053403,7.744929810806809,30.239415576889886,0.0,6.023128199867056,Medium,9182.881169133558,32.231075668278166,26.96607657787591,27.977063929465963,72.02293607053403,7.744929810806809,30.239415576889886,9311.60121618868,0.0,NO SHORTFALL,Continue current production schedule and routine monitoring.
2026-09-01,10768.916184815233,7422.225548852103,10224.720827481486,200.38272410518107,10.009428510313972,0.3181625674010366,25.46774500808958,29.85741903410019,70.14258096589981,2.319053012175774,33.87796088309848,0.0,5.053390220467055,Medium,10224.720827481486,10.009428510313972,25.46774500808958,29.85741903410019,70.14258096589981,2.319053012175774,33.87796088309848,10543.684028062107,0.0,NO SHORTFALL,Continue current production schedule and routine monitoring.
2026-10-01,9123.230572872188,8612.72568811454,10092.769176596004,86.0228024962064,45.77903974660609,0.4323621573542964,24.57094449672043,6.869066978145645,93.13093302185436,10.862136027257137,44.91473424558176,0.0,0.0,Low,10092.769176596004,45.77903974660609,24.57094449672043,6.869066978145645,93.13093302185436,10.862136027257137,44.91473424558176,10246.579736851405,0.0,NO SHORTFALL,Continue current production schedule and routine monitoring.
2026-11-01,9525.957307589077,7722.168014420274,10533.013853456696,215.7230216797007,13.279633596932218,0.6202410816025007,40.64277378901667,13.094776529274444,86.90522347072556,2.284638708252083,53.959081708912,307.26353044791904,0.0,Low,10533.013853456696,13.279633596932218,40.64277378901667,13.094776529274444,86.90522347072556,2.284638708252083,53.959081708912,10225.750323008777,2.917147311517891,LOW,Maintain current production plan and continue monitoring.
2026-12-01,10388.877846357622,8274.944513668264,9884.12441587704,227.47438114378397,29.331869047462963,0.1558852050272411,27.14268919152226,23.230677319714555,76.76932268028544,16.206773648624868,26.51250320806628,0.0,4.85859433468601,Low,9884.12441587704,29.331869047462963,27.14268919152226,23.230677319714555,76.76932268028544,16.206773648624868,26.51250320806628,9911.587880756177,0.0,NO SHORTFALL,Continue current production schedule and routine monitoring.
2027-01-01,9071.995413729055,8761.960447991998,9775.30565082721,76.45707697067414,59.48835412190013,0.5331450931650532,43.178094546611234,21.488577305506183,78.51142269449382,5.440529556298228,51.71152962565798,169.5210421183583,0.0,Low,9775.30565082721,59.48835412190013,43.178094546611234,21.488577305506183,78.51142269449382,5.440529556298228,51.71152962565798,9605.784608708851,1.7341763845922613,LOW,Maintain current production plan and continue monitoring.
2027-02-01,8692.449774571982,9416.381900202778,9382.002443536763,246.0451534516533,14.38827351353061,0.5486395951767964,44.248163133629774,6.309085377515942,93.69091462248406,11.2602263774857,42.306436039336255,0.0,0.0,Low,9382.002443536763,14.38827351353061,44.248163133629774,6.309085377515942,93.69091462248406,11.2602263774857,42.306436039336255,9502.321002965567,0.0,NO SHORTFALL,Continue current production schedule and routine monitoring.
2027-03-01,9224.37863228442,7137.592489443847,9168.505689873116,43.77076673170202,68.75369446492016,0.5644973604823581,34.281511748427434,24.8433274997373,75.1566725002627,17.721502663667707,41.91758700266871,0.0,0.6057095511642874,Low,9168.505689873116,68.75369446492016,34.281511748427434,24.8433274997373,75.1566725002627,17.721502663667707,41.91758700266871,9187.522544248164,0.0,NO SHORTFALL,Continue current production schedule and routine monitoring.
2027-04-01,8903.053218135012,9797.936396181649,10074.817770533857,58.48376041659759,10.267394586100815,0.3073143519875702,23.57502806664316,8.284336011426499,91.7156639885735,13.366670011896687,40.00835605623281,143.11926600824336,0.0,Low,10074.817770533857,10.267394586100815,23.57502806664316,8.284336011426499,91.7156639885735,13.366670011896687,40.00835605623281,9931.698504525613,1.4205643145906706,LOW,Maintain current production plan and continue monitoring.
2027-05-01,10824.244130856432,9197.651363218178,11867.209453402817,54.21396141712627,27.27767084413316,0.6141342701957824,29.36370608448953,8.266893215033447,91.73310678496657,11.12619794447537,27.0818225771255,62.87102230624441,0.0,Low,11867.209453402817,27.27767084413316,29.36370608448953,8.266893215033447,91.73310678496657,11.12619794447537,27.0818225771255,11804.338431096572,0.5297877529937479,LOW,Maintain current production plan and continue monitoring.
2027-06-01,10520.300948911045,7286.156611821052,10190.75877590651,224.5575304018889,61.86328393064501,0.2094044661156546,39.94330658370535,17.03528384101558,82.96471615898442,7.162341309192136,27.69630555208482,0.0,3.132440550939217,Low,10190.75877590651,61.86328393064501,39.94330658370535,17.03528384101558,82.96471615898442,7.162341309192136,27.69630555208482,10476.287399414605,0.0,NO SHORTFALL,Continue current production schedule and routine monitoring.
2027-07-01,10083.50939127606,10057.52518437372,10642.29373770687,167.03021255799084,32.138910481051475,0.2795257187034205,29.18476821742676,18.60231817556769,81.39768182443231,7.327036348105761,43.02736016977258,116.71399048917738,0.0,Low,10642.29373770687,32.138910481051475,29.18476821742676,18.60231817556769,81.39768182443231,7.327036348105761,43.02736016977258,10525.579747217693,1.0966995777953985,LOW,Maintain current production plan and continue monitoring.
2027-08-01,10678.651475469294,10223.053401861349,11190.09040357402,46.50502797334549,17.132467164620948,0.7203555303254133,22.17543045756972,18.24241381945871,81.7575861805413,13.720252148765612,35.22875714306675,101.57069571488319,0.0,Low,11190.09040357402,17.132467164620948,22.17543045756972,18.24241381945871,81.7575861805413,13.720252148765612,35.22875714306675,11088.519707859137,0.9076843175676432,LOW,Maintain current production plan and continue monitoring.
2027-09-01,10509.180192247786,7213.772859492023,11630.97958700764,115.67762040840375,35.21637431602996,0.6301700479722682,33.9196227732047,4.561631447137136,95.43836855286288,19.888647863202184,52.51804199733042,0.0,0.0,Low,11630.97958700764,35.21637431602996,33.9196227732047,4.561631447137136,95.43836855286288,19.888647863202184,52.51804199733042,11745.515672603158,0.0,NO SHORTFALL,Continue current production schedule and routine monitoring.
2027-10-01,8966.42514721509,7969.071768515213,8523.646135368623,157.6715260167525,28.927530046916782,0.1589346101073744,41.12802128740087,26.56890415365065,73.43109584634935,13.574944607138194,37.197716120784165,0.0,4.938188905575053,Low,8523.646135368623,28.927530046916782,41.12802128740087,26.56890415365065,73.43109584634935,13.574944607138194,37.197716120784165,8555.528197030564,0.0,NO SHORTFALL,Continue current production schedule and routine monitoring.
2027-11-01,10731.397496224943,9821.704479275715,11818.823847585563,30.03138039745199,68.98983315123884,0.3114445692403701,39.89815967858756,9.43680119248377,90.56319880751624,11.597884930030473,29.298443761079238,86.2919697232901,0.0,Low,11818.823847585563,68.98983315123884,39.89815967858756,9.43680119248377,90.56319880751624,11.597884930030473,29.298443761079238,11732.531877862273,0.730123156382591,LOW,Maintain current production plan and continue monitoring.
2027-12-01,9848.355604789129,9618.908916342803,10880.500787031811,221.77992841776128,31.934354230960015,0.289364213945557,24.37807850325883,5.626417795918517,94.37358220408149,14.882359694545675,46.44156500506108,57.916337297530845,0.0,Low,10880.500787031811,31.934354230960015,24.37807850325883,5.626417795918517,94.37358220408149,14.882359694545675,46.44156500506108,10822.58444973428,0.5322947760507479,LOW,Maintain current production plan and continue monitoring.
2028-01-01,10518.600387910155,7645.82356774732,9727.745844991769,202.86484850596844,65.2252730243205,0.3260241132240322,36.81911536031167,26.884946236331363,73.11505376366864,9.838906633390645,33.80060264323029,0.0,7.518629035735394,Medium,9727.745844991769,65.2252730243205,36.81911536031167,26.884946236331363,73.11505376366864,9.838906633390645,33.80060264323029,9851.820522014423,0.0,NO SHORTFALL,Continue current production schedule and routine monitoring.
2028-02-01,10740.228249808732,7732.722631678486,10788.478062240913,131.24962565839317,72.43105013675142,0.3109138506819262,25.512606585891177,28.758241950433096,71.2417580495669,2.1427045094149197,40.7641092206768,186.781169897984,0.0,Low,10788.478062240913,72.43105013675142,25.512606585891177,28.758241950433096,71.2417580495669,2.1427045094149197,40.7641092206768,10601.696892342929,1.731302309931073,LOW,Maintain current production plan and continue monitoring.
2028-03-01,9295.00868742966,8296.652359769836,8866.460941390484,242.1103876622009,40.36721937035706,0.1906420922328497,25.455188363804304,26.139573283432615,73.86042671656739,11.683639501680286,45.9349835651551,0.0,4.610514744528784,Low,8866.460941390484,40.36721937035706,25.455188363804304,26.139573283432615,73.86042671656739,11.683639501680286,45.9349835651551,8985.816299971519,0.0,NO SHORTFALL,Continue current production schedule and routine monitoring.
2028-04-01,8775.129811319192,8695.830448168574,8764.455456742664,110.26263502602391,73.69602006980745,0.4483113357879332,41.85179433262963,24.666450092296586,75.33354990770341,19.194880405602223,52.00792333606211,0.0,0.1216432668922859,Low,8764.455456742664,73.69602006980745,41.85179433262963,24.666450092296586,75.33354990770341,19.194880405602223,52.00792333606211,8817.613678949556,0.0,NO SHORTFALL,Continue current production schedule and routine monitoring.
2028-05-01,9069.837906354856,9163.891700356036,9386.172695902813,246.18647656875947,36.4122637774235,0.6262767586110073,26.241723818505758,20.34677545789261,79.6532245421074,4.330755904795533,48.76573584405028,87.1863476879571,0.0,Low,9386.172695902813,36.4122637774235,26.241723818505758,20.34677545789261,79.6532245421074,4.330755904795533,48.76573584405028,9298.986348214856,0.9288807111551982,LOW,Maintain current production plan and continue monitoring.
2028-06-01,9567.76947156564,8291.197738494204,9789.595657786278,170.3007997128705,77.48548915430757,0.5443756210663336,26.58118366295028,17.4240063770559,82.5759936229441,14.11009292559265,45.290832036181726,2.9955109058228118,0.0,Low,9789.595657786278,77.48548915430757,26.58118366295028,17.4240063770559,82.5759936229441,14.11009292559265,45.290832036181726,9786.600146880455,0.030598923699573788,LOW,Maintain current production plan and continue monitoring.
2028-07-01,10545.036914806233,8618.871506466017,12154.432637307113,162.32110558094595,16.250266716790104,0.5873665845887519,20.01633476903249,4.435629277519483,95.56437072248052,4.8177400845220735,45.38899547185431,121.91661832438513,0.0,Low,12154.432637307113,16.250266716790104,20.01633476903249,4.435629277519483,95.56437072248052,4.8177400845220735,45.38899547185431,12032.516018982727,1.0030630138191008,LOW,Maintain current production plan and continue monitoring.
2028-08-01,10651.826458140858,9616.148283468148,11867.19525871667,49.8291748709884,58.091348655226994,0.2027469660485554,41.76672585313794,13.436689965979564,86.56331003402043,11.180726004988545,53.3777393209626,113.4395009999862,0.0,Low,11867.19525871667,58.091348655226994,41.76672585313794,13.436689965979564,86.56331003402043,11.180726004988545,53.3777393209626,11753.755757716684,0.9559082708836599,LOW,Maintain current production plan and continue monitoring.
2028-09-01,8517.380326327977,7128.391210117093,8805.035671694624,221.66266199311457,44.56698283198501,0.7684689616149117,39.814870330228366,12.435278476344791,87.56472152365521,2.836852543287673,33.87472292489608,0.0,0.0,Low,8805.035671694624,44.56698283198501,39.814870330228366,12.435278476344791,87.56472152365521,2.836852543287673,33.87472292489608,9029.96207027694,0.0,NO SHORTFALL,Continue current production schedule and routine monitoring.
2028-10-01,9776.868256443917,7883.529305204072,10281.354391488048,112.59752510094764,37.1354163818953,0.6950196919979662,35.68322337726695,9.273105945289132,90.72689405471088,9.557047788905518,25.03336282588562,0.0,0.0,Low,10281.354391488048,37.1354163818953,35.68322337726695,9.273105945289132,90.72689405471088,9.557047788905518,25.03336282588562,10403.799693099878,0.0,NO SHORTFALL,Continue current production schedule and routine monitoring.
2028-11-01,9543.527507871948,9496.723550595932,9587.364066046575,48.93601738779505,54.28983151240207,0.6733087070221808,38.75664409847106,22.25576318328038,77.74423681671962,15.367103249009675,33.15863678194596,54.21749138753694,0.0,Low,9587.364066046575,54.28983151240207,38.75664409847106,22.25576318328038,77.74423681671962,15.367103249009675,33.15863678194596,9533.146574659038,0.5655098837807454,LOW,Maintain current production plan and continue monitoring.
2028-12-01,9055.269526176826,10133.2239319052,10028.79420045628,13.02580479418217,59.26999641440318,0.6849394732771489,23.80121418561229,15.884520582205582,84.11547941779442,7.603858960540659,31.53674138880232,590.9394266924737,0.0,Low,10028.79420045628,59.26999641440318,23.80121418561229,15.884520582205582,84.11547941779442,7.603858960540659,31.53674138880232,9437.854773763805,5.892427493083742,LOW,Maintain current production plan and continue monitoring.
2029-01-01,8799.663418334207,8790.871047404831,10071.891198417548,144.34136407321182,10.305428875521637,0.7562618302862949,31.458089864689384,4.269294045414142,95.73070595458586,13.633322765257144,44.85503755341995,140.0015843747915,0.0,Low,10071.891198417548,10.305428875521637,31.458089864689384,4.269294045414142,95.73070595458586,13.633322765257144,44.85503755341995,9931.889614042757,1.390022803232703,LOW,Maintain current production plan and continue monitoring.
2029-02-01,9344.03792850907,8862.397198428605,10071.756076349624,136.57590930944232,21.68671621230391,0.5037650779739035,28.78048468371952,8.165129654594718,91.83487034540528,16.113549255004855,44.01134799296587,0.0,0.0,Low,10071.756076349624,21.68671621230391,28.78048468371952,8.165129654594718,91.83487034540528,16.113549255004855,44.01134799296587,10172.692729648632,0.0,NO SHORTFALL,Continue current production schedule and routine monitoring.
2029-03-01,10857.274259781298,7375.102039689216,10938.12756914098,182.64486936859805,59.91322354440231,0.2801833116139568,22.34441315642541,21.131245382468684,78.86875461753132,18.6163785701096,42.80384148114172,93.55661830890313,0.0,Low,10938.12756914098,59.91322354440231,22.34441315642541,21.131245382468684,78.86875461753132,18.6163785701096,42.80384148114172,10844.570950832076,0.8553257193017959,LOW,Maintain current production plan and continue monitoring.
2029-04-01,9308.007330051889,8565.94328388209,10090.885754552191,223.6619327242725,56.646978950474455,0.5509093451041518,32.1532621303731,4.131664065728405,95.8683359342716,5.458199555253618,25.48730329628361,0.0,0.0,Low,10090.885754552191,56.646978950474455,32.1532621303731,4.131664065728405,95.8683359342716,5.458199555253618,25.48730329628361,10191.415836440307,0.0,NO SHORTFALL,Continue current production schedule and routine monitoring.
2029-05-01,9796.976554358414,8864.160432592582,10387.829906187682,29.057580314327083,77.62332535900741,0.6328729708841604,43.01849125856589,25.833793593365524,74.16620640663447,8.587002400376853,46.86334163351943,131.30048957864528,0.0,Low,10387.829906187682,77.62332535900741,43.01849125856589,25.833793593365524,74.16620640663447,8.587002400376853,46.86334163351943,10256.529416609037,1.2639838230353961,LOW,Maintain current production plan and continue monitoring.
2029-06-01,10257.547397237944,7848.646762721553,10602.397784139115,185.55915768168697,63.27264531755481,0.6296463056801165,21.001477976267363,15.86410275639128,84.13589724360872,3.8959042532779313,34.70591237456475,113.72096069042891,0.0,Low,10602.397784139115,63.27264531755481,21.001477976267363,15.86410275639128,84.13589724360872,3.8959042532779313,34.70591237456475,10488.676823448686,1.0725966239500297,LOW,Maintain current production plan and continue monitoring.
2029-07-01,9409.074005948234,7942.351308322834,9976.29459873538,54.97886658341973,76.55408954119366,0.4889418657084721,27.286522837344847,15.456424165146144,84.54357583485385,19.857186541009128,44.95167967019893,129.6765355960797,0.0,Low,9976.29459873538,76.55408954119366,27.286522837344847,15.456424165146144,84.54357583485385,19.857186541009128,44.95167967019893,9846.6180631393,1.2998466947088534,LOW,Maintain current production plan and continue monitoring.
2029-08-01,10929.455206802402,8320.49457086618,10843.483578317884,215.96249275771936,59.177835107436486,0.1944981675668257,25.188523405142583,18.587417970466493,81.41258202953351,18.61301839056161,41.6973528550646,0.0,0.7866048843039317,Low,10843.483578317884,59.177835107436486,25.188523405142583,18.587417970466493,81.41258202953351,18.61301839056161,41.6973528550646,10860.180280161647,0.0,NO SHORTFALL,Continue current production schedule and routine monitoring.
2029-09-01,10906.118237355278,7070.249192222042,10529.873652291522,206.57524332679748,30.86365460476102,0.391223409979583,25.953666341642407,25.091067045904172,74.90893295409583,11.259185475330632,35.28192776283721,0.0,3.449848762642746,Low,10529.873652291522,30.86365460476102,25.953666341642407,25.091067045904172,74.90893295409583,11.259185475330632,35.28192776283721,10626.926573414736,0.0,NO SHORTFALL,Continue current production schedule and routine monitoring.
2029-10-01,9129.455739563413,8127.277079541124,9466.4979525859,139.79050119653064,17.375544557559955,0.7484982955011823,42.710863796984384,11.738657821261404,88.2613421787386,16.998632593152003,29.03728801312323,0.0,0.0,Low,9466.4979525859,17.375544557559955,42.710863796984384,11.738657821261404,88.2613421787386,16.998632593152003,29.03728801312323,9591.607544131952,0.0,NO SHORTFALL,Continue current production schedule and routine monitoring.
2029-11-01,9743.121264730964,7740.068024487906,9511.936026202788,180.45827166959475,64.7276704341455,0.5298917913423269,31.701726355857254,20.98445227165378,79.01554772834622,10.8982015681688,27.83256692981443,0.0,2.372804692116906,Low,9511.936026202788,64.7276704341455,31.701726355857254,20.98445227165378,79.01554772834622,10.8982015681688,27.83256692981443,9527.82922278799,0.0,NO SHORTFALL,Continue current production schedule and routine monitoring.
2029-12-01,9252.195774541924,8146.240732622701,9830.915802825402,85.44402716409961,55.09044550331412,0.4999157631162138,31.65748532349547,17.84049499188215,82.15950500811785,12.848128072052434,49.94554999336671,85.73277823597527,0.0,Low,9830.915802825402,55.09044550331412,31.65748532349547,17.84049499188215,82.15950500811785,12.848128072052434,49.94554999336671,9745.183024589427,0.872073161396985,LOW,Maintain current production plan and continue monitoring.
2030-01-01,9212.101235943668,7419.1674613673795,10550.54935611216,123.08029574387552,13.373020867530736,0.3247547843484257,39.01439106138206,9.476791564743795,90.5232084352562,2.693364210204316,52.55192626244674,76.05924760589187,0.0,Low,10550.54935611216,13.373020867530736,39.01439106138206,9.476791564743795,90.5232084352562,2.693364210204316,52.55192626244674,10474.490108506268,0.7209031969679296,LOW,Maintain current production plan and continue monitoring.
2030-02-01,8592.217368386331,10116.845482589632,8225.555112225251,207.1928554505132,35.20353261306848,0.3894917979457762,23.862305100123145,26.601639617944425,73.39836038205557,15.35013798943935,44.493641402928986,0.0,4.267376399369905,Low,8225.555112225251,35.20353261306848,23.862305100123145,26.601639617944425,73.39836038205557,15.35013798943935,44.493641402928986,8324.453501277982,0.0,NO SHORTFALL,Continue current production schedule and routine monitoring.
2030-03-01,10023.910834949742,9077.57358743917,10107.074400621455,120.22364732157132,76.97598708390004,0.73197495794956,32.18163385250127,24.327928604993986,75.67207139500601,3.4265561890694616,28.1030234458145,67.33428306791939,0.0,Low,10107.074400621455,76.97598708390004,32.18163385250127,24.327928604993986,75.67207139500601,3.4265561890694616,28.1030234458145,10039.740117553536,0.666209433105382,LOW,Maintain current production plan and continue monitoring.
2030-04-01,9756.697558072154,9376.858117005711,9759.19400998242,95.87158367810603,45.02808019971408,0.5832009808924432,30.749630353026493,20.436651370435914,79.56334862956409,16.69528497479804,37.06081650664722,0.0,0.0,Low,9759.19400998242,45.02808019971408,30.749630353026493,20.436651370435914,79.56334862956409,16.69528497479804,37.06081650664722,9861.20727771088,0.0,NO SHORTFALL,Continue current production schedule and routine monitoring.
2030-05-01,8628.696878124972,9762.099335125684,8680.974229374018,128.61098734007197,40.291039521379325,0.6618015673890164,34.9227672636664,25.816288414638773,74.18371158536122,15.858533665737331,46.86817600315472,38.27828388422131,0.0,Low,8680.974229374018,40.291039521379325,34.9227672636664,25.816288414638773,74.18371158536122,15.858533665737331,46.86817600315472,8642.695945489797,0.4409445630502873,LOW,Maintain current production plan and continue monitoring.
2030-06-01,9196.61616059153,8744.5476962517,9073.040063987624,208.7798205849324,42.03897236115058,0.4453245249939758,44.98894258126096,26.284237626874464,73.71576237312553,14.466149257116552,48.39462652030204,17.673857131347177,1.3437126704650542,Low,9073.040063987624,42.03897236115058,44.98894258126096,26.284237626874464,73.71576237312553,14.466149257116552,48.39462652030204,9055.366206856277,0.19479531674832562,LOW,Maintain current production plan and continue monitoring.
2030-07-01,10770.664714916637,7304.221008305983,10806.142856107925,90.44993136900943,24.62179068036146,0.5596606926465026,39.23622235205117,21.83416334802097,78.16583665197902,1.6870472299704802,28.546558668732654,0.0,0.0,Low,10806.142856107925,24.62179068036146,39.23622235205117,21.83416334802097,78.16583665197902,1.6870472299704802,28.546558668732654,10828.337555118238,0.0,NO SHORTFALL,Continue current production schedule and routine monitoring.
2030-08-01,9098.904726667432,8879.872896364917,8848.203090055375,51.70278235257851,35.80950196053567,0.3114493456830849,29.94664257543568,25.436373194182817,74.56362680581718,6.759438762961244,25.000921565361477,0.0,2.755294666151308,Low,8848.203090055375,35.80950196053567,29.94664257543568,25.436373194182817,74.56362680581718,6.759438762961244,25.000921565361477,8905.953226298629,0.0,NO SHORTFALL,Continue current production schedule and routine monitoring.
2030-09-01,8862.237180228058,9053.943913073075,9144.021289442877,180.8833648793874,35.88692791910236,0.6085495396842661,40.68882630685117,21.529200926739943,78.47079907326005,5.999138828306014,46.36411137641815,25.150023408403285,0.0,Low,9144.021289442877,35.88692791910236,40.68882630685117,21.529200926739943,78.47079907326005,5.999138828306014,46.36411137641815,9118.871266034474,0.2750433601619011,LOW,Maintain current production plan and continue monitoring.
2030-10-01,9723.631900693908,9609.038159645155,9717.709495390653,208.23477104993964,13.664851413123069,0.4279408669071692,24.267709082812004,21.04394160928841,78.95605839071159,7.842591741958863,35.69788527958617,94.2976259935931,0.0609073375436307,Low,9717.709495390653,13.664851413123069,24.267709082812004,21.04394160928841,78.95605839071159,7.842591741958863,35.69788527958617,9623.41186939706,0.9703688512022383,LOW,Maintain current production plan and continue monitoring.
2030-11-01,10964.1261352765,8510.808411803879,11513.87062020885,34.152994845648,63.72973399625428,0.4376545846295846,20.761592157724003,19.32111859002516,80.67888140997484,2.6652121885129323,32.63443994854781,189.71707616258936,0.0,Low,11513.87062020885,63.72973399625428,20.761592157724003,19.32111859002516,80.67888140997484,2.6652121885129323,32.63443994854781,11324.153544046261,1.647726315680522,LOW,Maintain current production plan and continue monitoring.
2030-12-01,9105.13817877875,7446.531059784473,8800.389770260574,67.56978706142674,39.15531023327153,0.5720595109749731,25.111209311606828,23.076065907613955,76.92393409238605,18.802198637590195,25.386924093685764,0.0,3.3469937801542726,Low,8800.389770260574,39.15531023327153,25.111209311606828,23.076065907613955,76.92393409238605,18.802198637590195,25.386924093685764,8820.2577419294,0.0,NO SHORTFALL,Continue current production schedule and routine monitoring.
2031-01-01,10180.338868514697,7993.215670295535,11532.556507889738,44.073277542638536,67.55259207714963,0.7585824039548024,28.51028890285649,6.440942948206064,93.55905705179394,11.522242573535149,41.20898220284499,133.1420693089567,0.0,Low,11532.556507889738,67.55259207714963,28.51028890285649,6.440942948206064,93.55905705179394,11.522242573535149,41.20898220284499,11399.414438580781,1.1544887659372887,LOW,Maintain current production plan and continue monitoring.
2031-02-01,10404.049038321797,8270.788037395223,10688.321046843495,93.50593877972,69.52436007839268,0.1916041252956036,32.764518936489,26.66438125757,73.33561874243,6.804961902502448,50.53452206277945,12.554857765519046,0.0,Low,10688.321046843495,69.52436007839268,32.764518936489,26.66438125757,73.33561874243,6.804961902502448,50.53452206277945,10675.766189077976,0.11746332946489085,LOW,Maintain current production plan and continue monitoring.
2031-03-01,9094.093859981,9260.710344660603,9167.789286729309,118.08423493729904,24.839583828906065,0.686083104275555,35.37822851353,26.411618776866497,73.5883812231335,8.542648824411385,53.72894938817764,0.0,0.0,Low,9167.789286729309,24.839583828906065,35.37822851353,26.411618776866497,73.5883812231335,8.542648824411385,53.72894938817764,9295.920554956923,0.0,NO SHORTFALL,Continue current production schedule and routine monitoring.
2031-04-01,10320.540871529647,8997.724066341192,11343.22655602029,189.71832087119355,56.014743751909,0.3400490217679255,42.76514293036054,2.818923924967656,97.18107607503234,9.496848269591878,41.97234851839868,70.5325324720161,0.0,Low,11343.22655602029,56.014743751909,42.76514293036054,2.818923924967656,97.18107607503234,9.496848269591878,41.97234851839868,11272.694023548274,0.6218030833086178,LOW,Maintain current production plan and continue monitoring.
2031-05-01,9419.457831798132,8246.338540642462,9168.80990138159,166.2754203716018,43.05972629140872,0.4385476454291456,32.746350238761444,25.122869015813357,74.87713098418665,12.411292333851728,40.43383983219682,0.0,2.660959206913236,Low,9168.80990138159,43.05972629140872,32.746350238761444,25.122869015813357,74.87713098418665,12.411292333851728,40.43383983219682,9185.075743867896,0.0,NO SHORTFALL,Continue current production schedule and routine monitoring.
2031-06-01,10080.764576483947,10452.80337077543,10563.985855990626,159.02285619482348,71.61097165450396,0.1642436637037558,32.53189111564323,5.608356289256466,94.39164371074354,10.797909126233458,27.551691564677235,0.0,0.0,Low,10563.985855990626,71.61097165450396,32.53189111564323,5.608356289256466,94.39164371074354,10.797909126233458,27.551691564677235,10766.050106788198,0.0,NO SHORTFALL,Continue current production schedule and routine monitoring.
2031-07-01,10083.824276902236,9120.211867749103,10881.129800233586,94.56998718631706,25.101847542351788,0.3456799505923035,21.256075245574557,11.383327919255972,88.61667208074402,18.46844749107393,41.46618404627799,29.395269452212233,0.0,Low,10881.129800233586,25.101847542351788,21.256075245574557,11.383327919255972,88.61667208074402,18.46844749107393,41.46618404627799,10851.734530781374,0.27014905613552376,LOW,Maintain current production plan and continue monitoring.
2031-08-01,9839.436710186896,7830.293771075981,9478.341112857092,211.9474127403424,57.4469240217031,0.4767103077095848,20.872788816405595,22.818231176165018,77.18176882383499,10.442306175210774,36.39937236896184,0.0,3.669880786528719,Low,9478.341112857092,57.4469240217031,20.872788816405595,22.818231176165018,77.18176882383499,10.442306175210774,36.39937236896184,9544.722776846545,0.0,NO SHORTFALL,Continue current production schedule and routine monitoring.
2031-09-01,8725.72442513602,7356.238654171413,9986.659466933088,123.10892017555948,52.54264855769058,0.1865144502758353,33.7789990479093,6.50127708935263,93.49872291064736,19.85100228164294,43.21405842650731,209.68519201430354,0.0,Low,9986.659466933088,52.54264855769058,33.7789990479093,6.50127708935263,93.49872291064736,19.85100228164294,43.21405842650731,9776.974274918784,2.0996529691294064,LOW,Maintain current production plan and continue monitoring.
2031-10-01,10588.256238973096,7535.006987145162,10122.691804012757,244.98518512363708,30.671103430028296,0.4692122240990574,30.954465331208613,24.903076675333743,75.09692332466625,17.17707419715682,36.6617904362964,30.322801971076842,4.39698874349769,Low,10122.691804012757,30.671103430028296,30.954465331208613,24.903076675333743,75.09692332466625,17.17707419715682,36.6617904362964,10092.36900204168,0.2995527529451852,LOW,Maintain current production plan and continue monitoring.
2031-11-01,9301.95016242934,7860.852049345778,9018.87322555926,162.19411319097685,19.56206325558208,0.7526219087579779,40.97950987450746,25.29975698281677,74.70024301718323,4.96169977278938,32.208973703511006,0.0,3.0431998874110167,Low,9018.87322555926,19.56206325558208,40.97950987450746,25.29975698281677,74.70024301718323,4.96169977278938,32.208973703511006,9082.96853058006,0.0,NO SHORTFALL,Continue current production schedule and routine monitoring.
2031-12-01,8966.296275999635,7562.384806408445,9028.75940834288,40.30353797548066,55.61478323340936,0.2185055917700734,24.016989617796128,16.209096545303414,83.79090345469659,18.68130907823441,27.848958256851294,0.0,0.0,Low,9028.75940834288,55.61478323340936,24.016989617796128,16.209096545303414,83.79090345469659,18.68130907823441,27.848958256851294,9168.368665268845,0.0,NO SHORTFALL,Continue current production schedule and routine monitoring.
2032-01-01,8601.93785388691,7652.98458417957,10028.616966641215,172.28261489810416,61.70182206926314,0.6468864732490779,20.62429155292624,2.17880440807134,97.82119559192866,3.210961559824046,34.447553337666875,135.5059947186055,0.0,Low,10028.616966641215,61.70182206926314,20.62429155292624,2.17880440807134,97.82119559192866,3.210961559824046,34.447553337666875,9893.11097192261,1.3511932419928605,LOW,Maintain current production plan and continue monitoring.
2032-02-01,9977.232357970604,7997.833090428465,10655.069315517538,88.02496370360775,32.0939140634345,0.4162861846943952,31.225969198253143,10.037067728897558,89.96293227110245,16.53154446133264,27.899345028632567,0.0,0.0,Low,10655.069315517538,32.0939140634345,31.225969198253143,10.037067728897558,89.96293227110245,16.53154446133264,27.899345028632567,10683.214496004626,0.0,NO SHORTFALL,Continue current production schedule and routine monitoring.
2032-03-01,10193.910904605706,7606.807583531642,9859.690482494148,174.7185272046634,55.13828228156196,0.5758629144408197,25.93696391880644,19.273953714520783,80.72604628547921,8.231842576055023,30.30690852471952,0.0,3.2786280480493013,Low,9859.690482494148,55.13828228156196,25.93696391880644,19.273953714520783,80.72604628547921,8.231842576055023,30.30690852471952,10082.632966831194,0.0,NO SHORTFALL,Continue current production schedule and routine monitoring.
2032-04-01,8541.46957231964,10138.678986192488,8390.142352947443,26.713875558977374,37.65916353280523,0.3191537886903991,21.240359333470938,29.47321298476786,70.52678701523214,17.68151208845632,54.62008475738638,0.0,1.7716766194731095,Low,8390.142352947443,37.65916353280523,21.240359333470938,29.47321298476786,70.52678701523214,17.68151208845632,54.62008475738638,8484.102307534988,0.0,NO SHORTFALL,Continue current production schedule and routine monitoring.
2032-05-01,9780.232645748203,7280.818109815747,9800.354602740248,51.97154492223025,59.92448182978324,0.2536699706518829,38.11495717119072,19.690778756466717,80.30922124353329,17.493077112041558,38.32310670719856,0.0,0.0,Low,9800.354602740248,59.92448182978324,38.11495717119072,19.690778756466717,80.30922124353329,17.493077112041558,38.32310670719856,10028.437213726407,0.0,NO SHORTFALL,Continue current production schedule and routine monitoring.
2032-06-01,9066.239437994846,8835.789863495891,9617.97865903692,215.3769421373887,23.94506924258372,0.2543006992762971,22.789824998931188,9.274500269796476,90.72549973020352,16.3125826022348,40.9561529951505,0.0,0.0,Low,9617.97865903692,23.94506924258372,22.789824998931188,9.274500269796476,90.72549973020352,16.3125826022348,40.9561529951505,10148.817291549243,0.0,NO SHORTFALL,Continue current production schedule and routine monitoring.
2032-07-01,10112.931976023625,8436.388894463815,10691.170774407028,64.52309368564357,72.3150501845322,0.195819764668044,35.20798750019429,19.75215968678912,80.24784031321089,16.010578289834164,51.20855586211646,83.91442108142837,0.0,Low,10691.170774407028,72.3150501845322,35.20798750019429,19.75215968678912,80.24784031321089,16.010578289834164,51.20855586211646,10607.2563533256,0.7848945906121547,LOW,Maintain current production plan and continue monitoring.
2032-08-01,8935.916072512478,10438.325159180122,9841.159276593196,210.8898700583056,30.118671752590583,0.270670358185808,27.026243754172228,17.119590632043952,82.88040936795605,6.788903642862775,54.86706701472063,190.66223235020698,0.0,Low,9841.159276593196,30.118671752590583,27.026243754172228,17.119590632043952,82.88040936795605,6.788903642862775,54.86706701472063,9650.49704424299,1.9373960627147806,LOW,Maintain current production plan and continue monitoring.
2032-09-01,10227.344345256164,7392.136157588183,10457.494976926411,77.0262612290585,35.7450191429307,0.5817426002428294,24.337401258875552,23.83567106423202,76.16432893576798,2.537466377973791,42.48143348034044,0.0,0.0,Low,10457.494976926411,35.7450191429307,24.337401258875552,23.83567106423202,76.16432893576798,2.537466377973791,42.48143348034044,10517.315896401891,0.0,NO SHORTFALL,Continue current production schedule and routine monitoring.
2032-10-01,9466.838365751344,8392.494596660095,10462.82624091029,164.29165841408982,14.066436645624483,0.7230988976982803,29.493788072982937,4.995457887154835,95.00454211284516,8.656623396538068,49.374214631325145,67.82248818346488,0.0,Low,10462.82624091029,14.066436645624483,29.493788072982937,4.995457887154835,95.00454211284516,8.656623396538068,49.374214631325145,10395.003752726825,0.6482234018020371,LOW,Maintain current production plan and continue monitoring.
2032-11-01,10841.824971841836,10393.146516463792,11011.754759806172,176.59613764235945,17.805854862489348,0.6791816956342552,40.03614440557384,23.308781270056784,76.69121872994322,4.296965784743665,34.808230730100256,132.8220525750512,0.0,Low,11011.754759806172,17.805854862489348,40.03614440557384,23.308781270056784,76.69121872994322,4.296965784743665,34.808230730100256,10878.93270723112,1.206184259205107,LOW,Maintain current production plan and continue monitoring.
2032-12-01,8843.802360364984,10029.274940628931,8898.29649336788,133.0371407548127,46.11033318986297,0.5953373014184147,29.80233942261432,17.155464202931086,82.84453579706891,14.204070689146771,34.172318723418734,0.0,0.0,Low,8898.29649336788,46.11033318986297,29.80233942261432,17.155464202931086,82.84453579706891,14.204070689146771,34.172318723418734,8961.915142631187,0.0,NO SHORTFALL,Continue current production schedule and routine monitoring.
2033-01-01,9352.665877625646,9859.75224832248,8930.210200952853,83.27456240721551,28.731487370958003,0.2217807112172167,38.76924123027639,28.96377610805185,71.03622389194815,7.575894804217925,37.081111629836805,0.0,4.5169546544310135,Low,8930.210200952853,28.731487370958003,38.76924123027639,28.96377610805185,71.03622389194815,7.575894804217925,37.081111629836805,9272.75641154338,0.0,NO SHORTFALL,Continue current production schedule and routine monitoring.
2033-02-01,8783.683803101472,7902.659894657289,9534.009571282206,61.03465032906307,68.4836158019536,0.3379718400923673,23.137157419978767,11.57242064908321,88.42757935091679,19.53659381633838,45.17521788020947,0.0,0.0,Low,9534.009571282206,68.4836158019536,23.137157419978767,11.57242064908321,88.42757935091679,19.53659381633838,45.17521788020947,9559.504244951759,0.0,NO SHORTFALL,Continue current production schedule and routine monitoring.
2033-03-01,10811.734045696408,7598.10655586523,11490.171707455918,17.965445094982293,11.028537205846767,0.3513744689596048,39.31928549162698,19.713413007750543,80.28658699224945,13.178469469561309,45.46575067765296,319.76933510135314,0.0,Low,11490.171707455918,11.028537205846767,39.31928549162698,19.713413007750543,80.28658699224945,13.178469469561309,45.46575067765296,11170.402372354565,2.7829813447770873,LOW,Maintain current production plan and continue monitoring.
2033-04-01,10693.348383452452,9340.251269735509,10202.59339127828,82.94713629777371,36.536583407035536,0.3124720151584538,25.92333312266621,28.09678695428049,71.90321304571951,16.627130709052857,34.457183039483525,0.0,4.589348205783668,Low,10202.59339127828,36.536583407035536,25.92333312266621,28.09678695428049,71.90321304571951,16.627130709052857,34.457183039483525,10353.810844908749,0.0,NO SHORTFALL,Continue current production schedule and routine monitoring.
2033-05-01,9144.854069287889,10252.815961946551,10183.4917758289,166.75906972750792,33.61418827383649,0.48475367881132,36.934828247221816,4.870272383739019,95.12972761626098,3.51796878209512,28.99629772409886,0.0,0.0,Low,10183.4917758289,33.61418827383649,36.934828247221816,4.870272383739019,95.12972761626098,3.51796878209512,28.99629772409886,10254.844830318485,0.0,NO SHORTFALL,Continue current production schedule and routine monitoring.
2033-06-01,10149.960115085449,8948.670125548753,9379.69632741083,235.19315642763584,11.352934164232073,0.4981099796717871,34.144538871024906,28.24239764262063,71.75760235737937,17.37827516317983,43.97188769396526,0.0,7.588835610593265,Medium,9379.69632741083,11.352934164232073,34.144538871024906,28.24239764262063,71.75760235737937,17.37827516317983,43.97188769396526,9912.30684880471,0.0,NO SHORTFALL,Continue current production schedule and routine monitoring.
2033-07-01,10543.05550050304,9000.64441314465,9813.413530382291,219.0890757431325,18.705787930035715,0.3819758838612216,43.22861793029219,21.260800224422773,78.73919977557722,18.532386619754494,28.84977586566293,0.0,6.920593086946525,Medium,9813.413530382291,18.705787930035715,43.22861793029219,21.260800224422773,78.73919977557722,18.532386619754494,28.84977586566293,9956.292256685481,0.0,NO SHORTFALL,Continue current production schedule and routine monitoring.
2033-08-01,9888.002028998657,7979.926827810995,10757.533297388643,193.85554636847263,38.95498724430447,0.3799629531786834,29.68306294938285,3.899437654944813,96.10056234505518,10.25417645755978,42.3547752468799,0.0,0.0,Low,10757.533297388643,38.95498724430447,29.68306294938285,3.899437654944813,96.10056234505518,10.25417645755978,42.3547752468799,10828.7469998229,0.0,NO SHORTFALL,Continue current production schedule and routine monitoring.
2033-09-01,9824.126445890017,9693.22526617178,10453.912180851315,199.22736238079167,44.50052091132127,0.688561138638953,21.65412972086101,10.426979874510856,89.57302012548914,12.518805817268571,45.80266384168927,0.0,0.0,Low,10453.912180851315,44.50052091132127,21.65412972086101,10.426979874510856,89.57302012548914,12.518805817268571,45.80266384168927,10517.921087933408,0.0,NO SHORTFALL,Continue current production schedule and routine monitoring.
2033-10-01,9104.63072725113,7654.653119951332,9088.41077882312,169.59637683423887,38.30028230784084,0.6630403514077957,20.47888713878132,21.828818482067884,78.17118151793211,15.531386217156914,46.01834489183355,9.526309751621739,0.1781505358527074,Low,9088.41077882312,38.30028230784084,20.47888713878132,21.828818482067884,78.17118151793211,15.531386217156914,46.01834489183355,9078.884469071498,0.10481821281470866,LOW,Maintain current production plan and continue monitoring.
2033-11-01,8732.756919514748,8132.877327414853,10564.275964520051,72.46884581584072,47.16563748884657,0.3500672905924846,40.67146402431882,3.885816841125608,96.1141831588744,4.321933917947838,47.6041633197879,236.10416624522986,0.0,Low,10564.275964520051,47.16563748884657,40.67146402431882,3.885816841125608,96.1141831588744,4.321933917947838,47.6041633197879,10328.171798274821,2.2349299378223537,LOW,Maintain current production plan and continue monitoring.
2033-12-01,10743.039394883315,8489.027535157458,11067.00875400313,227.72680736939915,51.659217243397705,0.7439624885176186,33.11839094153581,18.30077288493565,81.69922711506435,10.548755452805404,51.18578264696994,0.0,0.0,Low,11067.00875400313,51.659217243397705,33.11839094153581,18.30077288493565,81.69922711506435,10.548755452805404,51.18578264696994,11067.721548379668,0.0,NO SHORTFALL,Continue current production schedule and routine monitoring.
2034-01-01,10751.045142908326,8776.636325395593,11291.398040367883,170.97575485740018,10.694667478948494,0.769329761051629,39.38110129587373,11.684725594682789,88.31527440531721,8.574597527673948,39.99876975894365,0.0,0.0,Low,11291.398040367883,10.694667478948494,39.38110129587373,11.684725594682789,88.31527440531721,8.574597527673948,39.99876975894365,11313.487166359015,0.0,NO SHORTFALL,Continue current production schedule and routine monitoring.
2034-02-01,10082.75364318317,7848.434063452781,10633.485831746995,144.5057514353056,42.48666116174528,0.3623826523195265,25.860640000287862,19.38563449748936,80.61436550251064,3.781105851082733,46.907475685887135,294.9324949554648,0.0,Low,10633.485831746995,42.48666116174528,25.860640000287862,19.38563449748936,80.61436550251064,3.781105851082733,46.907475685887135,10338.55333679153,2.7736200491745024,LOW,Maintain current production plan and continue monitoring.
2034-03-01,9347.574477621753,7401.928886587212,10684.478960206216,36.63747261123546,77.44494686213118,0.3803762167154856,28.627093637830843,3.28077694675036,96.71922305324964,7.983154023539098,43.5751820609751,75.79135178444449,0.0,Low,10684.478960206216,77.44494686213118,28.627093637830843,3.28077694675036,96.71922305324964,7.983154023539098,43.5751820609751,10608.687608421771,0.709359361993462,LOW,Maintain current production plan and continue monitoring.
2034-04-01,9373.023936531652,9137.170148545714,9326.028395055237,117.2933305135421,46.33225960906841,0.4786621997242732,20.752596805282973,26.403030572266537,73.59696942773346,2.2952738783243776,30.59919819393048,43.55339719360927,0.5013914590919671,Low,9326.028395055237,46.33225960906841,20.752596805282973,26.403030572266537,73.59696942773346,2.2952738783243776,30.59919819393048,9282.474997861627,0.467009056252732,LOW,Maintain current production plan and continue monitoring.
2034-05-01,10314.889197175598,8010.206936340895,10117.13801880101,120.48598508846231,57.427958722126725,0.7617285281468879,44.0373081143528,29.257691136967114,70.74230886303289,1.4904262320402526,25.770689346082246,42.605675336686545,1.917143021068383,Low,10117.13801880101,57.427958722126725,44.0373081143528,29.257691136967114,70.74230886303289,1.4904262320402526,25.770689346082246,10074.532343464323,0.42112379269227146,LOW,Maintain current production plan and continue monitoring.
2034-06-01,10742.775649881443,9034.333774979144,9999.306640213545,217.4952662854408,31.830470054181824,0.7196076315425025,36.69669766752034,29.128579947999363,70.87142005200064,3.568159493941633,33.536241570308015,0.0,6.9206416842196985,Medium,9999.306640213545,31.830470054181824,36.69669766752034,29.128579947999363,70.87142005200064,3.568159493941633,33.536241570308015,10139.205883679337,0.0,NO SHORTFALL,Continue current production schedule and routine monitoring.
2034-07-01,10717.716060662791,7540.269503459708,10216.671565654802,141.19557284506922,64.17939647069338,0.2166691756793333,43.330127193982655,22.990251288801893,77.00974871119811,19.299187120194304,38.291011190128586,0.0,4.674918538353272,Low,10216.671565654802,64.17939647069338,43.330127193982655,22.990251288801893,77.00974871119811,19.299187120194304,38.291011190128586,10242.78922644348,0.0,NO SHORTFALL,Continue current production schedule and routine monitoring.
2034-08-01,10449.68886464406,8683.99035649186,11761.286193377347,101.29613175289832,64.10450373132807,0.4052749831264205,26.637410185726807,5.642414723657695,94.3575852763423,11.441061182005322,43.51317833285969,108.80908988881129,0.0,Low,11761.286193377347,64.10450373132807,26.637410185726807,5.642414723657695,94.3575852763423,11.441061182005322,43.51317833285969,11652.477103488536,0.9251461795911445,LOW,Maintain current production plan and continue monitoring.
2034-09-01,10105.07911538572,8864.06301393055,9924.53390781041,244.43207884255824,46.49072333578973,0.5096912733373518,35.28659028064152,23.231369486012632,76.76863051398738,19.35062106191118,50.498779915096165,0.0,1.7866778232385725,Low,9924.53390781041,46.49072333578973,35.28659028064152,23.231369486012632,76.76863051398738,19.35062106191118,50.498779915096165,9976.795456703905,0.0,NO SHORTFALL,Continue current production schedule and routine monitoring.
2034-10-01,8710.349912487622,7181.382378878494,9972.668389598335,36.57294239831576,78.32096762954495,0.477036107158501,36.96249920731594,2.6884336608464423,97.31156633915356,9.217459688272507,30.88737150118497,61.55244438841146,0.0,Low,9972.668389598335,78.32096762954495,36.96249920731594,2.6884336608464423,97.31156633915356,9.217459688272507,30.88737150118497,9911.115945209924,0.6172113819869085,LOW,Maintain current production plan and continue monitoring.
2034-11-01,8904.071785236534,8178.114973678722,9986.683785170992,111.4116227948667,18.788515033385732,0.2760109941589802,27.93874250643971,2.619459442811923,97.38054055718808,6.924506528619932,28.766493696954317,0.0,0.0,Low,9986.683785170992,18.788515033385732,27.93874250643971,2.619459442811923,97.38054055718808,6.924506528619932,28.766493696954317,9992.275884733863,0.0,NO SHORTFALL,Continue current production schedule and routine monitoring.
2034-12-01,10746.3854713177,7470.45136928641,11843.488997533388,20.08592204113727,11.18633654227067,0.7082309012593005,41.20273087539076,11.061086136187155,88.93891386381284,10.616695393964635,53.90439842422983,62.050896198663395,0.0,Low,11843.488997533388,11.18633654227067,41.20273087539076,11.061086136187155,88.93891386381284,10.616695393964635,53.90439842422983,11781.438101334725,0.5239241258347652,LOW,Maintain current production plan and continue monitoring.
2035-01-01,10016.072649148977,7221.812396654687,10020.739580143323,187.5769889840633,63.91107482299672,0.5900115089479443,43.67903657250619,15.68200933133064,84.31799066866935,9.350722084025293,28.24133678129221,0.0,0.0,Low,10020.739580143323,63.91107482299672,43.67903657250619,15.68200933133064,84.31799066866935,9.350722084025293,28.24133678129221,10301.459242535013,0.0,NO SHORTFALL,Continue current production schedule and routine monitoring.
2035-02-01,8522.992629041573,10464.860813364809,8855.13456068137,230.3383725277961,66.50088761554179,0.6946404436536724,42.12137794240011,23.57140769861821,76.4285923013818,3.007629000973134,39.35473210321568,10.317151345252569,0.0,Low,8855.13456068137,66.50088761554179,42.12137794240011,23.57140769861821,76.4285923013818,3.007629000973134,39.35473210321568,8844.817409336118,0.11651038473274992,LOW,Maintain current production plan and continue monitoring.
2035-03-01,8753.67885716508,8128.23845741153,9041.75792504612,77.20895909211747,18.414506038440337,0.7081967815771569,38.47667439848431,21.132270544982145,78.86772945501785,13.17569997911392,42.56691186379906,19.400401297167264,0.0,Low,9041.75792504612,18.414506038440337,38.47667439848431,21.132270544982145,78.86772945501785,13.17569997911392,42.56691186379906,9022.357523748953,0.21456448467202585,LOW,Maintain current production plan and continue monitoring.
2035-04-01,10158.75442277014,9834.560560491222,10738.92764688489,216.002002431789,28.590798307102425,0.6364313048827308,26.93661699312385,14.485275778548951,85.51472422145105,5.1047254676823925,41.24123262722315,116.96070817741747,0.0,Low,10738.92764688489,28.590798307102425,26.93661699312385,14.485275778548951,85.51472422145105,5.1047254676823925,41.24123262722315,10621.966938707472,1.0891283750416647,LOW,Maintain current production plan and continue monitoring.
2035-05-01,8512.653959615547,7891.242291673174,9148.95198332848,80.13237531085547,11.228665435664023,0.4354868908123163,27.040401052640792,9.661546655886644,90.33845334411336,12.77217114305876,27.580964710988297,0.0,0.0,Low,9148.95198332848,11.228665435664023,27.040401052640792,9.661546655886644,90.33845334411336,12.77217114305876,27.580964710988297,9271.86956115448,0.0,NO SHORTFALL,Continue current production schedule and routine monitoring.
2035-06-01,8902.020128543747,9385.259527783752,7799.323628736765,228.58483879453965,30.53160275463953,0.546855390760026,44.08400801115095,29.919486004415912,70.08051399558408,13.353820755564914,26.71080742010858,0.0,12.387036693741653,Medium,7799.323628736765,30.53160275463953,44.08400801115095,29.919486004415912,70.08051399558408,13.353820755564914,26.71080742010858,8348.791109939599,0.0,NO SHORTFALL,Continue current production schedule and routine monitoring.
2035-07-01,9871.834473416466,9660.797509613903,10150.301848589426,190.95085686322813,64.119931174307,0.254237513977833,20.2571123983923,13.933076462607245,86.06692353739275,3.888472209444314,28.16450282383107,0.0,0.0,Low,10150.301848589426,64.119931174307,20.2571123983923,13.933076462607245,86.06692353739275,3.888472209444314,28.16450282383107,10216.480904842772,0.0,NO SHORTFALL,Continue current production schedule and routine monitoring.
2035-08-01,10229.737994231731,9084.735592127454,11064.080431822244,203.17762644194528,46.25723693988053,0.58786952135869,37.90124933105361,14.638836681230911,85.36116331876909,2.165642915102695,42.567630516178376,436.7099313588933,0.0,Low,11064.080431822244,46.25723693988053,37.90124933105361,14.638836681230911,85.36116331876909,2.165642915102695,42.567630516178376,10627.37050046335,3.947096498890578,LOW,Maintain current production plan and continue monitoring.
2035-09-01,10129.9031487565,8650.516659925554,11417.74828059534,14.32157334410908,34.36669152178017,0.2665146162305324,37.65615406388156,6.581466993366737,93.41853300663328,15.834470135300355,41.330346629029634,73.50096289601424,0.0,Low,11417.74828059534,34.36669152178017,37.65615406388156,6.581466993366737,93.41853300663328,15.834470135300355,41.330346629029634,11344.247317699326,0.6437430664059252,LOW,Maintain current production plan and continue monitoring.
2035-10-01,9060.6732736514,8441.44319951544,8493.658232550006,241.07448569776625,36.02175064344312,0.601067233831602,35.56723852374493,24.25466736499802,75.74533263500197,9.736208051617083,32.01222376110233,0.0,6.257979114535371,Medium,8493.658232550006,36.02175064344312,35.56723852374493,24.25466736499802,75.74533263500197,9.736208051617083,32.01222376110233,8590.960815134003,0.0,NO SHORTFALL,Continue current production schedule and routine monitoring.
2035-11-01,10280.44805336884,8221.038932900483,10471.988217726,184.4010380968776,10.09475380008277,0.2992388044900796,44.752721152171645,21.42310232188168,78.57689767811831,2.10511211460404,44.13322425536775,105.74369145548008,0.0,Low,10471.988217726,10.09475380008277,44.752721152171645,21.42310232188168,78.57689767811831,2.10511211460404,44.13322425536775,10366.24452627052,1.0097766465826143,LOW,Maintain current production plan and continue monitoring.
2035-12-01,9093.122718742,10253.35200486739,10379.922648762038,83.140262892672,30.986036929566517,0.2264083450976429,27.79698589409313,8.181549158085291,91.81845084191472,19.902460026225576,49.60202506166948,0.0,0.0,Low,10379.922648762038,30.986036929566517,27.79698589409313,8.181549158085291,91.81845084191472,19.902460026225576,49.60202506166948,10384.274498501372,0.0,NO SHORTFALL,Continue current production schedule and routine monitoring.
2036-01-01,9313.499245398169,9907.16792725705,10392.838877218632,209.05471956612325,55.25211191465513,0.2574349185929223,28.499296594831204,4.306669277243596,95.6933307227564,2.097830658930966,26.24736879539781,29.733052511159258,0.0,Low,10392.838877218632,55.25211191465513,28.499296594831204,4.306669277243596,95.6933307227564,2.097830658930966,26.24736879539781,10363.105824707472,0.2860917297230006,LOW,Maintain current production plan and continue monitoring.
2036-02-01,10366.22851279506,10377.594187332794,10544.473095308154,77.56508761958318,78.193611067145,0.1512948878923956,21.973485073663888,21.053980458091967,78.94601954190803,14.20566934831251,39.94389830644127,0.0,0.0,Low,10544.473095308154,78.193611067145,21.973485073663888,21.053980458091967,78.94601954190803,14.20566934831251,39.94389830644127,10568.75427059124,0.0,NO SHORTFALL,Continue current production schedule and routine monitoring.
2036-03-01,10124.082247618036,7435.040282199407,9960.00376707761,219.4609214958707,69.29425788887296,0.6171807516047947,31.06995341359344,20.326313999871783,79.67368600012821,19.68989958000486,45.67931236308071,0.0,1.6206751044424914,Low,9960.00376707761,69.29425788887296,31.06995341359344,20.326313999871783,79.67368600012821,19.68989958000486,45.67931236308071,9961.449319913023,0.0,NO SHORTFALL,Continue current production schedule and routine monitoring.
2036-04-01,10623.058526235443,9558.036163212755,11727.41619791554,37.019293698864885,11.65164752518704,0.6260606818879464,26.526213155871204,9.65126675594986,90.34873324405014,5.5444219801025865,32.569357812090615,101.6258834169148,0.0,Low,11727.41619791554,11.65164752518704,26.526213155871204,9.65126675594986,90.34873324405014,5.5444219801025865,32.569357812090615,11625.790314498625,0.8665666989372991,LOW,Maintain current production plan and continue monitoring.
2036-05-01,10144.032230750858,10284.191598873633,9727.19640802926,178.884634590591,72.89924232723875,0.4847066774436186,28.584667554441104,28.62417974301149,71.3758202569885,3.702738005056728,34.233127158794474,0.0,4.10917289337855,Low,9727.19640802926,72.89924232723875,28.584667554441104,28.62417974301149,71.3758202569885,3.702738005056728,34.233127158794474,9833.252187655826,0.0,NO SHORTFALL,Continue current production schedule and routine monitoring.
2036-06-01,9920.77150833868,7634.315731579811,11146.270245535905,139.76763439477847,64.82388893090382,0.2548858206859994,40.86429475639069,6.229620969865207,93.7703790301348,3.306313849026149,43.40913708968152,0.0,0.0,Low,11146.270245535905,64.82388893090382,40.86429475639069,6.229620969865207,93.7703790301348,3.306313849026149,43.40913708968152,11156.8230883059,0.0,NO SHORTFALL,Continue current production schedule and routine monitoring.
2036-07-01,8734.186919570231,7232.7369357837215,9703.793572766686,33.16827284690579,64.62632864996863,0.2043103193819483,43.38711283818739,14.105374429192851,85.89462557080715,6.762227803784316,51.9380588033121,16.558877041545202,0.0,Low,9703.793572766686,64.62632864996863,43.38711283818739,14.105374429192851,85.89462557080715,6.762227803784316,51.9380588033121,9687.234695725141,0.17064333569519696,LOW,Maintain current production plan and continue monitoring.
2036-08-01,9419.289507648584,9593.922272515209,9905.26278972016,68.05451878212136,42.05970313025,0.1624338281842365,24.643326800129643,28.42124576469277,71.57875423530723,2.919870409202287,49.29773260908698,146.22896763188328,0.0,Low,9905.26278972016,42.05970313025,24.643326800129643,28.42124576469277,71.57875423530723,2.919870409202287,49.29773260908698,9759.033822088277,1.476275498552568,LOW,Maintain current production plan and continue monitoring.
2036-09-01,9163.005919204314,9010.655896129692,9800.597461180789,12.97696870655555,37.8603705068152,0.2577363150273934,29.312723288836647,13.752364873931423,86.24763512606857,14.151065492188506,42.49390657298751,20.02378798616155,0.0,Low,9800.597461180789,37.8603705068152,29.312723288836647,13.752364873931423,86.24763512606857,14.151065492188506,42.49390657298751,9780.573673194627,0.20431191124289944,LOW,Maintain current production plan and continue monitoring.
2036-10-01,9109.974108447708,9946.400718653951,9699.397105438096,122.5043117114814,31.204101018323485,0.7290560977390455,43.21576405288485,19.8787265345944,80.12127346540561,2.1835441644711917,46.90665153271748,96.28236788366667,0.0,Low,9699.397105438096,31.204101018323485,43.21576405288485,19.8787265345944,80.12127346540561,2.1835441644711917,46.90665153271748,9603.11473755443,0.9926634288401768,LOW,Maintain current production plan and continue monitoring.
2036-11-01,10932.526386881114,7489.203318192013,11246.231983111606,82.3036625824001,14.598640126805604,0.3069989471060931,21.54521151723057,13.13264314295824,86.86735685704176,10.679020434846004,35.94467410623396,0.0,0.0,Low,11246.231983111606,14.598640126805604,21.54521151723057,13.13264314295824,86.86735685704176,10.679020434846004,35.94467410623396,11311.091804751692,0.0,NO SHORTFALL,Continue current production schedule and routine monitoring.
2036-12-01,9482.744311666902,9783.435591509617,10096.393369948148,153.6057962314621,25.976475444558936,0.3802763626911901,22.309013202784463,9.67802566576276,90.32197433423724,19.93724022320656,44.22896584296274,0.0,0.0,Low,10096.393369948148,25.976475444558936,22.309013202784463,9.67802566576276,90.32197433423724,19.93724022320656,44.22896584296274,10131.73136643792,0.0,NO SHORTFALL,Continue current production schedule and routine monitoring.
2037-01-01,10730.116387942784,7705.6956201671055,10185.451271483184,81.33707385006812,27.262254448461725,0.2184745649128665,24.069774730155736,29.55137414287519,70.44862585712481,16.46543512061436,38.98544773382671,0.0,5.076041086298279,Medium,10185.451271483184,27.262254448461725,24.069774730155736,29.55137414287519,70.44862585712481,16.46543512061436,38.98544773382671,10307.431227606548,0.0,NO SHORTFALL,Continue current production schedule and routine monitoring.
2037-02-01,10077.846564993157,7572.795800029966,10436.806151511482,81.98058676167632,43.88539487971411,0.2945348480863107,34.88032085317187,13.461352176821205,86.53864782317879,12.689169326389209,30.698084093726827,0.0,0.0,Low,10436.806151511482,43.88539487971411,34.88032085317187,13.461352176821205,86.53864782317879,12.689169326389209,30.698084093726827,10607.851834392692,0.0,NO SHORTFALL,Continue current production schedule and routine monitoring.
2037-03-01,10487.02825885412,7574.930292758475,10153.743068499558,188.3663676955848,62.32110846176858,0.4874959710071334,23.761806775149932,27.034777703015763,72.96522229698424,6.818818794945622,46.05214821631772,5.551771342745269,3.178070871251568,Low,10153.743068499558,62.32110846176858,23.761806775149932,27.034777703015763,72.96522229698424,6.818818794945622,46.05214821631772,10148.191297156813,0.054677091051956936,LOW,Maintain current production plan and continue monitoring.
2037-04-01,9756.59273276298,9851.011520809838,10869.463225969364,21.554280634804822,43.16668798785626,0.5450392440121742,44.20190953626834,8.438728964950414,91.5612710350496,12.85402088954113,41.69393912046466,0.0,0.0,Low,10869.463225969364,43.16668798785626,44.20190953626834,8.438728964950414,91.5612710350496,12.85402088954113,41.69393912046466,10894.180451716718,0.0,NO SHORTFALL,Continue current production schedule and routine monitoring.
2037-05-01,9942.259711565895,9328.1902724367,10604.807223245189,226.6947988460769,14.049111461301242,0.3094790042080372,31.16786318146301,7.9669317127023325,92.03306828729768,11.01378781432138,35.75864745860774,9.721742932946654,0.0,Low,10604.807223245189,14.049111461301242,31.16786318146301,7.9669317127023325,92.03306828729768,11.01378781432138,35.75864745860774,10595.085480312242,0.09167298120834386,LOW,Maintain current production plan and continue monitoring.
2037-06-01,9731.29423454716,8830.728986691918,11055.856324627428,214.5433298538836,77.04528606917427,0.1875259034963262,32.53794900875416,2.871754320766318,97.12824567923369,9.095584293917058,52.34017570235892,88.75626236416247,0.0,Low,11055.856324627428,77.04528606917427,32.53794900875416,2.871754320766318,97.12824567923369,9.095584293917058,52.34017570235892,10967.100062263265,0.8027986232640687,LOW,Maintain current production plan and continue monitoring.
2037-07-01,8988.107469495111,8255.906694432259,8980.77508839889,170.27312397433755,75.99070233658786,0.4041713649328091,26.16646539513516,20.24667111052478,79.75332888947523,3.48349715806379,25.628023534802,16.604691447519144,0.0815786985314379,Low,8980.77508839889,75.99070233658786,26.16646539513516,20.24667111052478,79.75332888947523,3.48349715806379,25.628023534802,8964.170396951371,0.1848915186504182,LOW,Maintain current production plan and continue monitoring.
2037-08-01,10306.130288153763,10070.201892845878,10480.891139373602,152.37317682577222,64.9632680203886,0.3022321911021172,31.774006310868337,12.318737624265312,87.68126237573469,17.845480089568866,34.47319453748488,0.0,0.0,Low,10480.891139373602,64.9632680203886,31.774006310868337,12.318737624265312,87.68126237573469,17.845480089568866,34.47319453748488,10659.569021954925,0.0,NO SHORTFALL,Continue current production schedule and routine monitoring.
2037-09-01,9201.93090610214,8373.557875979224,8458.13671680615,224.15259955351647,79.39295310949544,0.2927100500993712,36.54784081592528,26.20203099550984,73.79796900449017,9.545908327605128,26.7064419333294,0.0,8.083022975131799,Medium,8458.13671680615,79.39295310949544,36.54784081592528,26.20203099550984,73.79796900449017,9.545908327605128,26.7064419333294,8622.440255483583,0.0,NO SHORTFALL,Continue current production schedule and routine monitoring.
2037-10-01,8560.789916078635,9858.09803815052,9960.478035724402,54.479243086891465,48.113763296018405,0.7739108217637459,38.77942842385107,15.2498773873636,84.7501226126364,4.697827724594536,47.99581948664881,222.7475227226223,0.0,Low,9960.478035724402,48.113763296018405,38.77942842385107,15.2498773873636,84.7501226126364,4.697827724594536,47.99581948664881,9737.73051300178,2.2363135777591463,LOW,Maintain current production plan and continue monitoring.
2037-11-01,10113.68073976792,8536.972179995764,10379.723837459604,28.952598925798867,77.39378451772443,0.5505953158517206,38.84670206774783,29.10941598161221,70.89058401838778,7.987427666668503,46.063223623413776,0.0,0.0,Low,10379.723837459604,77.39378451772443,38.84670206774783,29.10941598161221,70.89058401838778,7.987427666668503,46.063223623413776,10439.708184359844,0.0,NO SHORTFALL,Continue current production schedule and routine monitoring.
2037-12-01,8942.776698517622,8319.305502987176,10004.283447519838,67.48244077828915,15.292352843172557,0.5119709880618624,34.44727781735221,7.194714439687392,92.8052855603126,8.868465298049614,34.940566562089515,3.374198694455117,0.0,Low,10004.283447519838,15.292352843172557,34.44727781735221,7.194714439687392,92.8052855603126,8.868465298049614,34.940566562089515,10000.909248825383,0.033727539929824905,LOW,Maintain current production plan and continue monitoring.
2038-01-01,10851.146460882286,8619.379249843623,10406.782116093356,200.69878688804567,35.59765237829599,0.4202538172901592,42.60899437484643,26.321448702757102,73.6785512972429,16.72322001577061,45.26988706621219,0.0,4.095091208941248,Low,10406.782116093356,35.59765237829599,42.60899437484643,26.321448702757102,73.6785512972429,16.72322001577061,45.26988706621219,10499.027960633935,0.0,NO SHORTFALL,Continue current production schedule and routine monitoring.
2038-02-01,10884.821442506469,8054.822559574497,10899.682710511592,18.320864014356,25.776688760473608,0.4288138167295937,40.43519618265273,23.74471187816877,76.25528812183123,14.93867323066664,36.8781167858785,0.0,0.0,Low,10899.682710511592,25.776688760473608,40.43519618265273,23.74471187816877,76.25528812183123,14.93867323066664,36.8781167858785,10911.226447183748,0.0,NO SHORTFALL,Continue current production schedule and routine monitoring.
2038-03-01,10787.160975551122,9616.63283061688,10779.250178869288,149.8736404200375,23.708315889398904,0.5015882524947526,38.92620286746563,23.585811650033456,76.41418834996654,15.616792979185457,47.68761374267303,5.1686789356172085,0.0733352983214341,Low,10779.250178869288,23.708315889398904,38.92620286746563,23.585811650033456,76.41418834996654,15.616792979185457,47.68761374267303,10774.08149993367,0.04795026416354489,LOW,Maintain current production plan and continue monitoring.
2038-04-01,9425.39675063861,8759.521365323677,9174.920491234065,248.9050038859144,19.856206422487325,0.6026793745734698,21.390138042011515,25.65393038727285,74.34606961272715,1.209594024144297,38.625509882101184,11.036996112514316,2.6574611767677068,Low,9174.920491234065,19.856206422487325,21.390138042011515,25.65393038727285,74.34606961272715,1.209594024144297,38.625509882101184,9163.88349512155,0.12029527801422717,LOW,Maintain current production plan and continue monitoring.
2038-05-01,8538.64154132217,7812.74443301386,8212.548361587784,215.36706252100947,53.56895490961976,0.6063949625181891,20.171949055491236,23.30867174640397,76.69132825359603,8.906925965415468,37.36839183494997,0.0,3.819028801669212,Low,8212.548361587784,53.56895490961976,20.171949055491236,23.30867174640397,76.69132825359603,8.906925965415468,37.36839183494997,8386.182930851815,0.0,NO SHORTFALL,Continue current production schedule and routine monitoring.
2038-06-01,10820.796406469311,10148.51100646099,11494.895992063022,135.1469653704615,64.69252990231135,0.2616010400085422,25.311181929886825,19.53416900567963,80.46583099432037,10.145538881071149,53.04189746464903,103.15260974741432,0.0,Low,11494.895992063022,64.69252990231135,25.311181929886825,19.53416900567963,80.46583099432037,10.145538881071149,53.04189746464903,11391.743382315608,0.8973774953565389,LOW,Maintain current production plan and continue monitoring.
2038-07-01,9570.460370793286,8343.61927480624,10970.696571508885,25.273818228794163,50.480887959425246,0.4750732888498076,36.58808984783631,5.674856575106852,94.32514342489314,1.364653259638077,32.52637299672101,82.090113012664,0.0,Low,10970.696571508885,50.480887959425246,36.58808984783631,5.674856575106852,94.32514342489314,1.364653259638077,32.52637299672101,10888.60645849622,0.7482670993367335,LOW,Maintain current production plan and continue monitoring.
2038-08-01,10916.637047609174,8902.43501389896,11704.971584457322,209.52964345257035,20.28738967117468,0.4177727617721662,30.279937222063644,2.9107330257550537,97.08926697424496,5.93645096615565,28.613420199896964,34.196662891159576,0.0,Low,11704.971584457322,20.28738967117468,30.279937222063644,2.9107330257550537,97.08926697424496,5.93645096615565,28.613420199896964,11670.774921566162,0.29215502698501455,LOW,Maintain current production plan and continue monitoring.
2038-09-01,10909.049942723132,10172.652388375916,10320.575652201158,153.75484196253052,66.77866389534296,0.7158425280750997,30.060156482482792,27.78373973883923,72.21626026116077,15.445506639320564,42.536293397783744,0.0,5.394367920320272,Medium,10320.575652201158,66.77866389534296,30.060156482482792,27.78373973883923,72.21626026116077,15.445506639320564,42.536293397783744,10487.071409667591,0.0,NO SHORTFALL,Continue current production schedule and routine monitoring.
2038-10-01,10632.5236386684,9184.832985698971,11551.015114483673,37.58391929429604,54.516829501461,0.5604222987919447,42.11467220574035,19.266208806580664,80.73379119341934,3.605084408850982,54.07965436852537,109.61719241823994,0.0,Low,11551.015114483673,54.516829501461,42.11467220574035,19.266208806580664,80.73379119341934,3.605084408850982,54.07965436852537,11441.397922065433,0.9489831961244023,LOW,Maintain current production plan and continue monitoring.
2038-11-01,9236.122230173964,7409.143142479274,9112.71612998948,32.52574835760549,37.171599428889685,0.4961276431703881,42.38907120329597,24.303044147332937,75.69695585266706,11.170892497599242,36.3351764118156,0.0,1.336124588967891,Low,9112.71612998948,37.171599428889685,42.38907120329597,24.303044147332937,75.69695585266706,11.170892497599242,36.3351764118156,9164.208022793458,0.0,NO SHORTFALL,Continue current production schedule and routine monitoring.
2038-12-01,9462.744321504812,10289.412432647165,9634.215908925433,228.31043666478217,57.18912068752441,0.2250065174162963,42.72938160133964,15.482625842351402,84.5173741576486,5.088835568327513,26.861102908863444,28.119795309599795,0.0,Low,9634.215908925433,57.18912068752441,42.72938160133964,15.482625842351402,84.5173741576486,5.088835568327513,26.861102908863444,9606.096113615833,0.2918742487756451,LOW,Maintain current production plan and continue monitoring.
2039-01-01,10627.84167879214,9196.978185749962,11745.435261454762,170.60806310513885,28.193348546998298,0.5436646280602174,27.84695191287568,5.284629290947045,94.71537070905296,1.230294718233972,35.17915801928702,0.0,0.0,Low,11745.435261454762,28.193348546998298,27.84695191287568,5.284629290947045,94.71537070905296,1.230294718233972,35.17915801928702,11780.37755941188,0.0,NO SHORTFALL,Continue current production schedule and routine monitoring.
2039-02-01,9292.305012890694,8172.169651299801,10413.091203572958,209.0288318360213,34.16345459459474,0.2261825386921517,37.27639531848155,5.505202181671413,94.4947978183286,5.5828276943912885,40.17794962958675,58.66249270668959,0.0,Low,10413.091203572958,34.16345459459474,37.27639531848155,5.505202181671413,94.4947978183286,5.5828276943912885,40.17794962958675,10354.428710866268,0.5633532978810482,LOW,Maintain current production plan and continue monitoring.
2039-03-01,8923.73186671523,7487.452254321855,8167.595774828043,220.95493606774417,74.22400901923932,0.3691842741177388,26.79082953185924,21.1958280424112,78.8041719575888,19.54160134329102,29.85769019896641,0.0,8.47331702902808,Medium,8167.595774828043,74.22400901923932,26.79082953185924,21.1958280424112,78.8041719575888,19.54160134329102,29.85769019896641,8443.760584508102,0.0,NO SHORTFALL,Continue current production schedule and routine monitoring.
2039-04-01,9892.003156145876,9779.088162446036,10109.500724315209,147.22536449159733,30.335315396999427,0.2428472771293157,24.765245826861246,14.048565057184955,85.95143494281504,16.2292051257768,44.74306654169476,0.0,0.0,Low,10109.500724315209,30.335315396999427,24.765245826861246,14.048565057184955,85.95143494281504,16.2292051257768,44.74306654169476,10281.437408295858,0.0,NO SHORTFALL,Continue current production schedule and routine monitoring.
2039-05-01,10840.386935401952,9170.254645749796,12015.052587443835,134.1871244212099,42.89917877105556,0.5998478705658398,24.61581143368423,7.614692347609428,92.38530765239057,19.231956242099635,54.93248167030602,52.24324062167943,0.0,Low,12015.052587443835,42.89917877105556,24.61581143368423,7.614692347609428,92.38530765239057,19.231956242099635,54.93248167030602,11962.809346822156,0.43481491438727043,LOW,Maintain current production plan and continue monitoring.
2039-06-01,10240.074491687432,8867.113821917126,10876.351131514091,113.30257847703764,72.30987961772102,0.2840638739934992,28.55269052158985,15.764647308760232,84.23535269123977,10.269226834600886,38.55218427944332,154.76022005989216,0.0,Low,10876.351131514091,72.30987961772102,28.55269052158985,15.764647308760232,84.23535269123977,10.269226834600886,38.55218427944332,10721.5909114542,1.4229056986904032,LOW,Maintain current production plan and continue monitoring.
2039-07-01,9925.152925223412,10128.62404067835,11368.110463249075,86.06718106986862,59.54049451872692,0.4047085925722169,30.748940494495542,3.7978502381037536,96.20214976189624,3.0849877748725665,35.64185670190638,154.94128505128356,0.0,Low,11368.110463249075,59.54049451872692,30.748940494495542,3.7978502381037536,96.20214976189624,3.0849877748725665,35.64185670190638,11213.169178197792,1.3629466880373748,LOW,Maintain current production plan and continue monitoring.
2039-08-01,8742.941234426922,9760.090239285855,9124.602897988536,114.30303060609084,14.354225831529192,0.7321886054522062,40.77372927637671,18.295199253603165,81.70480074639684,11.411230290500166,37.021125005034,44.747027503468416,0.0,Low,9124.602897988536,14.354225831529192,40.77372927637671,18.295199253603165,81.70480074639684,11.411230290500166,37.021125005034,9079.855870485067,0.4903997248289307,LOW,Maintain current production plan and continue monitoring.
2039-09-01,10037.518066747924,7530.862079064629,10272.087423854582,195.73111737523757,20.31121309952793,0.2828056492093307,22.997277336817803,9.531815324182734,90.46818467581728,9.633169356639256,28.454385351856036,0.0,0.0,Low,10272.087423854582,20.31121309952793,22.997277336817803,9.531815324182734,90.46818467581728,9.633169356639256,28.454385351856036,10425.318535056227,0.0,NO SHORTFALL,Continue current production schedule and routine monitoring.
2039-10-01,10975.134625260658,8091.027237284419,10889.015160830058,154.46162344363157,10.548911354034177,0.4800732915732064,38.373146184872354,24.33165481784127,75.66834518215873,17.042784572052703,51.49820804278672,0.0,0.7846779777296295,Low,10889.015160830058,10.548911354034177,38.373146184872354,24.33165481784127,75.66834518215873,17.042784572052703,51.49820804278672,10902.130633775045,0.0,NO SHORTFALL,Continue current production schedule and routine monitoring.
2039-11-01,8850.21003809131,7869.71198935063,9343.819937626417,224.20558958916305,54.16452531604144,0.4225265797579143,33.28637285473263,10.690134849860064,89.30986515013993,2.8635690349006477,37.44476966564056,0.0,0.0,Low,9343.819937626417,54.16452531604144,33.28637285473263,10.690134849860064,89.30986515013993,2.8635690349006477,37.44476966564056,9627.559045430999,0.0,NO SHORTFALL,Continue current production schedule and routine monitoring.
2039-12-01,9795.824130909345,9603.81202400437,10084.582263345208,116.41120345100504,41.33713977872928,0.1617806266797243,27.19863356689981,14.746164174290431,85.25383582570957,10.276581603413783,36.61823234274524,0.0,0.0,Low,10084.582263345208,41.33713977872928,27.19863356689981,14.746164174290431,85.25383582570957,10.276581603413783,36.61823234274524,10154.747951784784,0.0,NO SHORTFALL,Continue current production schedule and routine monitoring.
2040-01-01,10693.432679819887,7117.363521575227,12163.260491057668,155.70149889250098,19.399239563159288,0.6652927738223283,32.32048961332062,2.325375117426818,97.67462488257318,3.850924629185701,44.79070818791424,54.32947314778539,0.0,Low,12163.260491057668,19.399239563159288,32.32048961332062,2.325375117426818,97.67462488257318,3.850924629185701,44.79070818791424,12108.931017909883,0.44666866411130457,LOW,Maintain current production plan and continue monitoring.
2040-02-01,10351.921544385512,8994.613897049609,11550.370723317386,161.51381274207728,77.05538847397393,0.1948798391044898,27.49855174442557,4.028512858247648,95.97148714175236,7.168842610911139,38.261002627933706,33.82218982554514,0.0,Low,11550.370723317386,77.05538847397393,27.49855174442557,4.028512858247648,95.97148714175236,7.168842610911139,38.261002627933706,11516.548533491841,0.2928234135140474,LOW,Maintain current production plan and continue monitoring.
2040-03-01,10242.53935248817,9668.605400092416,10777.76972323165,152.00731895351814,47.0761806761934,0.4582657636350198,34.90204888095765,12.989819579387175,87.01018042061283,15.009784470368194,44.44700406423539,0.0,0.0,Low,10777.76972323165,47.0761806761934,34.90204888095765,12.989819579387175,87.01018042061283,15.009784470368194,44.44700406423539,10787.635114333036,0.0,NO SHORTFALL,Continue current production schedule and routine monitoring.
2040-04-01,10256.210209967772,10068.679728666124,10193.063853172976,178.63210554052392,26.93253058790224,0.5144408917103175,30.846098071381107,15.438287372079458,84.56171262792054,10.044344458006565,26.843388703923623,0.0,0.615688987472442,Low,10193.063853172976,26.93253058790224,30.846098071381107,15.438287372079458,84.56171262792054,10.044344458006565,26.843388703923623,10295.02237180847,0.0,NO SHORTFALL,Continue current production schedule and routine monitoring.
2040-05-01,9398.727878049389,8197.286120505676,10113.54577881242,66.9840324099535,45.04224998082953,0.5584771967994816,24.11013822697197,18.800575347340505,81.1994246526595,8.141877417769617,49.41170031166682,438.1998605428762,0.0,Low,10113.54577881242,45.04224998082953,24.11013822697197,18.800575347340505,81.1994246526595,8.141877417769617,49.41170031166682,9675.345918269544,4.332801473652218,LOW,Maintain current production plan and continue monitoring.
2040-06-01,9233.979610661234,9874.400566352046,10561.750382600245,132.96730661098974,57.57342329145754,0.5976105590501192,22.914576863892417,10.16655220386049,89.83344779613951,8.495049292830672,53.21511858638208,66.48525616506595,0.0,Low,10561.750382600245,57.57342329145754,22.914576863892417,10.16655220386049,89.83344779613951,8.495049292830672,53.21511858638208,10495.265126435179,0.6294908869896776,LOW,Maintain current production plan and continue monitoring.
2040-07-01,10523.402888696284,7387.211079343226,11000.08152162539,35.01395267400344,15.336745258149511,0.3146270492897648,33.667392051803255,21.459492811543196,78.54050718845681,9.729488599713749,44.46296158478158,47.67977779654211,0.0,Low,11000.08152162539,15.336745258149511,33.667392051803255,21.459492811543196,78.54050718845681,9.729488599713749,44.46296158478158,10952.401743828848,0.43344931310560747,LOW,Maintain current production plan and continue monitoring.
2040-08-01,10525.283486697952,9962.583021070814,10684.57217278782,102.282718634755,29.22926705335244,0.156486204827992,42.560325832152586,26.083427121297728,73.91657287870227,15.915314332904082,53.63697786576432,65.64187688734455,0.0,Low,10684.57217278782,29.22926705335244,42.560325832152586,26.083427121297728,73.91657287870227,15.915314332904082,53.63697786576432,10618.930295900476,0.6143613036236084,LOW,Maintain current production plan and continue monitoring.
2040-09-01,10667.68079645026,7446.210318161939,9967.034516107256,127.04009646910346,66.48758436187956,0.6202383805306928,28.59894216394214,23.835827689013797,76.1641723109862,17.949609089864452,29.5429694310989,0.0,6.567934434035061,Medium,9967.034516107256,66.48758436187956,28.59894216394214,23.835827689013797,76.1641723109862,17.949609089864452,29.5429694310989,10046.73272276951,0.0,NO SHORTFALL,Continue current production schedule and routine monitoring.
2040-10-01,10783.101381391178,8390.505516961286,11795.659845244576,166.5338222909134,42.17654092818629,0.498176789575926,38.325002680565575,3.109327109754,96.890672890246,19.15135904357464,39.32248568441061,29.548769337476188,0.0,Low,11795.659845244576,42.17654092818629,38.325002680565575,3.109327109754,96.890672890246,19.15135904357464,39.32248568441061,11766.1110759071,0.2505054378063368,LOW,Maintain current production plan and continue monitoring.
2040-11-01,9778.355997152345,9790.533780228438,9721.524371454983,238.12745262068884,48.26039994226064,0.6934765070847118,36.46653387349417,15.454194523219211,84.54580547678079,15.951164338850608,43.05420201836342,0.0,0.5811981657643671,Low,9721.524371454983,48.26039994226064,36.46653387349417,15.454194523219211,84.54580547678079,15.951164338850608,43.05420201836342,9833.517765667766,0.0,NO SHORTFALL,Continue current production schedule and routine monitoring.
2040-12-01,9753.790736718,7524.710995720708,11046.151628316027,154.15625597160542,40.29712015466285,0.6839024358854513,43.28887285773703,4.938044995708896,95.06195500429112,6.992731019212242,42.4520994226356,116.28228576629226,0.0,Low,11046.151628316027,40.29712015466285,43.28887285773703,4.938044995708896,95.06195500429112,6.992731019212242,42.4520994226356,10929.869342549735,1.0526949989371037,LOW,Maintain current production plan and continue monitoring.
2041-01-01,10495.737947416936,7802.379883314245,11178.272332667257,188.4625398823744,13.072995985010358,0.6981620090621241,40.52452543247853,8.77726044415077,91.22273955584924,14.0745594156443,37.04385337267129,0.0,0.0,Low,11178.272332667257,13.072995985010358,40.52452543247853,8.77726044415077,91.22273955584924,14.0745594156443,37.04385337267129,11265.08190532569,0.0,NO SHORTFALL,Continue current production schedule and routine monitoring.
2041-02-01,10124.909826944411,9527.883989375732,9765.013092493604,131.50385427884868,21.602484587410917,0.4653115289867011,34.165131472636574,29.6265526114801,70.3734473885199,9.314459357052446,35.142532280987844,0.0,3.5545673058050538,Low,9765.013092493604,21.602484587410917,34.165131472636574,29.6265526114801,70.3734473885199,9.314459357052446,35.142532280987844,9900.534170287974,0.0,NO SHORTFALL,Continue current production schedule and routine monitoring.
2041-03-01,10254.917193144258,9520.12787791126,11152.38996596306,162.1849675303195,41.187914711932365,0.3668584572939627,36.42576245585269,5.98987520124237,94.01012479875764,5.838741818874972,28.804720676512563,159.31177942428076,0.0,Low,11152.38996596306,41.187914711932365,36.42576245585269,5.98987520124237,94.01012479875764,5.838741818874972,28.804720676512563,10993.07818653878,1.428499002550109,LOW,Maintain current production plan and continue monitoring.
2041-04-01,10489.481673590251,9244.01671509854,10909.955291644694,27.02373187210562,24.64298257855495,0.6645128316843906,42.45966166460087,15.96886829663797,84.03113170336204,16.97656000909253,36.75227351686834,0.0,0.0,Low,10909.955291644694,24.64298257855495,42.45966166460087,15.96886829663797,84.03113170336204,16.97656000909253,36.75227351686834,10987.389716934586,0.0,NO SHORTFALL,Continue current production schedule and routine monitoring.
2041-05-01,10725.013354543917,9428.819555634853,11408.72091570847,71.05397940204327,13.498532006177513,0.4433411734690157,29.987969614673368,19.30836056090733,80.69163943909267,1.7301006302841748,29.879824453164552,388.0093276773605,0.0,Low,11408.72091570847,13.498532006177513,29.987969614673368,19.30836056090733,80.69163943909267,1.7301006302841748,29.879824453164552,11020.71158803111,3.4009888623282665,LOW,Maintain current production plan and continue monitoring.
2041-06-01,9344.98789212884,8899.535551716586,9261.938528377026,96.84474236923327,69.05547648362767,0.2692374276622324,28.169867646444438,21.66901917523491,78.33098082476509,18.133477850573048,47.03097029476655,0.0,0.888704883414191,Low,9261.938528377026,69.05547648362767,28.169867646444438,21.66901917523491,78.33098082476509,18.133477850573048,47.03097029476655,9320.162048944461,0.0,NO SHORTFALL,Continue current production schedule and routine monitoring.
2041-07-01,9438.95738159986,7881.296706174335,9443.828772221515,123.39840520156326,78.6834770414881,0.7057331127149583,20.270277090879908,17.670163137633594,82.3298368623664,9.76807182786995,31.264928064837697,0.0,0.0,Low,9443.828772221515,78.6834770414881,20.270277090879908,17.670163137633594,82.3298368623664,9.76807182786995,31.264928064837697,9470.298041124322,0.0,NO SHORTFALL,Continue current production schedule and routine monitoring.
2041-08-01,8734.954849602173,8209.935977263718,9889.900108918338,20.955698920572097,65.52000117977175,0.7236639199020257,40.663776854786605,2.2735837277371425,97.72641627226284,13.106828059357328,26.756959158536016,44.42760968609036,0.0,Low,9889.900108918338,65.52000117977175,40.663776854786605,2.2735837277371425,97.72641627226284,13.106828059357328,26.756959158536016,9845.472499232248,0.4492220264795923,LOW,Maintain current production plan and continue monitoring.
2041-09-01,9945.700352490436,7635.59200880499,11046.237163672777,43.60578341279624,69.76494451932669,0.4531013414911106,40.02451751008413,11.140916630831772,88.85908336916823,13.527724521909873,41.57098413451703,0.0,0.0,Low,11046.237163672777,69.76494451932669,40.02451751008413,11.140916630831772,88.85908336916823,13.527724521909873,41.57098413451703,11066.741487949479,0.0,NO SHORTFALL,Continue current production schedule and routine monitoring.
2041-10-01,8589.855684491855,10179.5769646677,9128.419039560707,76.43543386991338,26.93839912219317,0.1992048227513618,22.611362952503782,16.495926014771918,83.50407398522808,18.007237073424193,42.85689198158205,0.0,0.0,Low,9128.419039560707,26.93839912219317,22.611362952503782,16.495926014771918,83.50407398522808,18.007237073424193,42.85689198158205,9135.474084726193,0.0,NO SHORTFALL,Continue current production schedule and routine monitoring.
2041-11-01,9663.99504533115,9041.871281681422,10580.931161017628,243.16784581625217,77.24388828592399,0.4020869584460053,34.421434528317505,4.4602619760553335,95.53973802394466,13.09672396117694,51.157391838415165,0.0,0.0,Low,10580.931161017628,77.24388828592399,34.421434528317505,4.4602619760553335,95.53973802394466,13.09672396117694,51.157391838415165,10651.261000316299,0.0,NO SHORTFALL,Continue current production schedule and routine monitoring.
2041-12-01,9856.611586768942,8402.97995867274,10631.609052575472,89.52328170473218,23.784799311739988,0.6722994786506922,31.599542454172184,11.81755407385706,88.18244592614295,12.664738110441174,42.30944837253045,0.0,0.0,Low,10631.609052575472,23.784799311739988,31.599542454172184,11.81755407385706,88.18244592614295,12.664738110441174,42.30944837253045,10665.265756375824,0.0,NO SHORTFALL,Continue current production schedule and routine monitoring.
2042-01-01,9216.353130320713,8617.020312754465,10598.202861915044,125.6898539468998,76.60008672532825,0.7361531185550487,22.967727387727788,2.929687046158264,97.07031295384174,2.2663887706531094,35.36442561170337,51.83217399805835,0.0,Low,10598.202861915044,76.60008672532825,22.967727387727788,2.929687046158264,97.07031295384174,2.2663887706531094,35.36442561170337,10546.370687916986,0.4890656904135965,LOW,Maintain current production plan and continue monitoring.
2042-02-01,9977.083151422526,10315.491688641354,11598.104141417643,57.06345105721431,79.63735057761657,0.2822572826234373,44.51420567651809,4.200197920340581,95.7998020796594,10.849752416958877,49.09035644578962,25.723910833992704,0.0,Low,11598.104141417643,79.63735057761657,44.51420567651809,4.200197920340581,95.7998020796594,10.849752416958877,49.09035644578962,11572.38023058365,0.22179410117668125,LOW,Maintain current production plan and continue monitoring.
2042-03-01,8576.250624847624,7536.729910906281,9499.33302812952,156.5872170581844,59.82059640222341,0.1935328478164265,25.367397186583887,13.11385173364469,86.8861482663553,3.853211015523792,41.20836679562263,114.73657854347948,0.0,Low,9499.33302812952,59.82059640222341,25.367397186583887,13.11385173364469,86.8861482663553,3.853211015523792,41.20836679562263,9384.59644958604,1.2078382577357838,LOW,Maintain current production plan and continue monitoring.
2042-04-01,8593.370471873037,9051.804412058793,9207.063475056597,77.36397172383383,78.68006122542754,0.7202777945363452,21.68085450226403,5.71604111320569,94.28395888679432,15.011241605708229,27.37840853893575,0.0,0.0,Low,9207.063475056597,78.68006122542754,21.68085450226403,5.71604111320569,94.28395888679432,15.011241605708229,27.37840853893575,9331.197470787183,0.0,NO SHORTFALL,Continue current production schedule and routine monitoring.
2042-05-01,10556.501401649146,8770.61037609563,11403.932678899537,59.67821882522243,49.86778456969726,0.4031132103362689,34.87118448754774,17.89114375132363,82.10885624867637,10.732216495440817,41.9755168093974,126.49676584631015,0.0,Low,11403.932678899537,49.86778456969726,34.87118448754774,17.89114375132363,82.10885624867637,10.732216495440817,41.9755168093974,11277.435913053227,1.1092380971378806,LOW,Maintain current production plan and continue monitoring.
2042-06-01,9400.476603528155,9140.089824021266,9856.229486110366,133.977430827035,28.167924822326324,0.5021446267739161,38.47166692832582,21.30501913584344,78.69498086415656,13.924327804958711,52.24055636264987,147.02450930995474,0.0,Low,9856.229486110366,28.167924822326324,38.47166692832582,21.30501913584344,78.69498086415656,13.924327804958711,52.24055636264987,9709.20497680041,1.4916912143446457,LOW,Maintain current production plan and continue monitoring.
2042-07-01,8817.651281629713,7063.385643372942,9421.772691988068,11.321391798500995,40.589711996593465,0.7792427778329933,20.811086151179676,24.41642757505432,75.58357242494569,1.791785111445301,36.88937876494661,194.45107879104216,0.0,Low,9421.772691988068,40.589711996593465,20.811086151179676,24.41642757505432,75.58357242494569,1.791785111445301,36.88937876494661,9227.321613197026,2.063848122300767,LOW,Maintain current production plan and continue monitoring.
2042-08-01,9805.60815013701,10052.43368130453,11280.063433797552,11.83936783581408,51.54926547651502,0.1932670731442448,36.467940968175554,7.604206838854683,92.39579316114532,2.6110483048702613,33.889774056994,120.84159725990503,0.0,Low,11280.063433797552,51.54926547651502,36.467940968175554,7.604206838854683,92.39579316114532,2.6110483048702613,33.889774056994,11159.221836537647,1.0712847314123874,LOW,Maintain current production plan and continue monitoring.
2042-09-01,10424.983882746526,10262.413988692642,11327.691696362788,62.57651418444587,15.11570934189105,0.5714067048438621,33.30729689878636,6.689512303253953,93.31048769674604,14.610144373190964,29.304083710540603,0.0,0.0,Low,11327.691696362788,15.11570934189105,33.30729689878636,6.689512303253953,93.31048769674604,14.610144373190964,29.304083710540603,11390.140293959332,0.0,NO SHORTFALL,Continue current production schedule and routine monitoring.
2042-10-01,9039.552568742109,8977.96614256223,10362.22911035344,18.813127000197078,53.56402852320723,0.1981685246736635,22.58162522187621,4.927899529363208,95.0721004706368,2.3696023839747937,29.54336565806072,0.0,0.0,Low,10362.22911035344,53.56402852320723,22.58162522187621,4.927899529363208,95.0721004706368,2.3696023839747937,29.54336565806072,10440.223843018348,0.0,NO SHORTFALL,Continue current production schedule and routine monitoring.
2042-11-01,10057.2261895475,9438.277883569122,10761.192108789332,35.92618099136593,78.68244857336062,0.3940548035032252,24.313096923659053,19.82004698722183,80.17995301277817,2.3538778275399133,37.98314453025456,119.41652007030098,0.0,Low,10761.192108789332,78.68244857336062,24.313096923659053,19.82004698722183,80.17995301277817,2.3538778275399133,37.98314453025456,10641.77558871903,1.1096960156743798,LOW,Maintain current production plan and continue monitoring.
2042-12-01,8713.36866248442,10228.747834120535,9481.359164380072,91.32655584130038,23.30753548486093,0.6724794543757404,34.19935743290201,21.781320341633236,78.21867965836677,1.2300610294628616,42.87039472484589,128.73506945139889,0.0,Low,9481.359164380072,23.30753548486093,34.19935743290201,21.781320341633236,78.21867965836677,1.2300610294628616,42.87039472484589,9352.624094928673,1.3577702017136495,LOW,Maintain current production plan and continue monitoring.
2043-01-01,8629.20430292152,9475.335220096897,9322.188998431724,202.62056309915508,65.48165814018682,0.4317569512911623,27.40894033783221,2.884412055117977,97.11558794488202,19.17352656769012,27.41846215508805,0.0,0.0,Low,9322.188998431724,65.48165814018682,27.40894033783221,2.884412055117977,97.11558794488202,19.17352656769012,27.41846215508805,9426.126856378278,0.0,NO SHORTFALL,Continue current production schedule and routine monitoring.
2043-02-01,9828.38657892037,7533.886650199915,9423.887346038868,147.2916744086322,73.55291556457335,0.7981685300369178,43.4578932162829,28.213942894823315,71.78605710517668,15.012658829721133,53.18705767075497,0.0,4.115621924650992,Low,9423.887346038868,73.55291556457335,43.4578932162829,28.213942894823315,71.78605710517668,15.012658829721133,53.18705767075497,9558.690684379382,0.0,NO SHORTFALL,Continue current production schedule and routine monitoring.
2043-03-01,9851.587804025266,9017.009260583844,11352.252295886874,133.04025422953993,76.05911149741546,0.5133885352152914,40.46850573710127,3.4551959422412275,96.54480405775875,7.711776761539219,47.65400852335588,172.11181284696977,0.0,Low,11352.252295886874,76.05911149741546,40.46850573710127,3.4551959422412275,96.54480405775875,7.711776761539219,47.65400852335588,11180.140483039904,1.5161027817301858,LOW,Maintain current production plan and continue monitoring.
2043-04-01,10093.574753745515,9123.502662339995,10837.668092803158,80.43731756994919,77.2094923083813,0.3587553992133697,44.58918016284157,17.156297388429973,82.84370261157002,6.634176044465449,42.59871754850988,34.650999395180406,0.0,Low,10837.668092803158,77.2094923083813,44.58918016284157,17.156297388429973,82.84370261157002,6.634176044465449,42.59871754850988,10803.017093407978,0.3197274459640509,LOW,Maintain current production plan and continue monitoring.
2043-05-01,10315.228334306654,8484.457349558352,10231.213742575908,233.62089266387596,46.50217471050304,0.2930723618380895,26.49177097376035,21.85369454462566,78.14630545537435,7.644361365171141,49.853160128169726,68.96434739206597,0.8144714688605522,Low,10231.213742575908,46.50217471050304,26.49177097376035,21.85369454462566,78.14630545537435,7.644361365171141,49.853160128169726,10162.249395183842,0.6740583192498415,LOW,Maintain current production plan and continue monitoring.
2043-06-01,10939.630198656338,9577.55482468653,10463.96543154915,105.283609896926,78.41155355940526,0.3778383472860052,44.24309081994943,26.387135464890395,73.61286453510961,15.718417092442456,27.4056027043634,0.0,4.348088175463293,Low,10463.96543154915,78.41155355940526,44.24309081994943,26.387135464890395,73.61286453510961,15.718417092442456,27.4056027043634,10563.442115777769,0.0,NO SHORTFALL,Continue current production schedule and routine monitoring.
2043-07-01,9790.750870752989,10270.284551691551,10025.128110139634,30.90226403098516,63.01171449941072,0.392146627943708,30.780846744788946,21.994434099707977,78.00556590029203,13.566041610337871,39.30516633199373,0.0,0.0,Low,10025.128110139634,63.01171449941072,30.780846744788946,21.994434099707977,78.00556590029203,13.566041610337871,39.30516633199373,10068.869644733306,0.0,NO SHORTFALL,Continue current production schedule and routine monitoring.
2043-08-01,9307.391182353114,10239.489795173717,9514.9356818097,158.0959638682723,21.317000536587333,0.1946638905205746,28.687969882843863,24.44838632595417,75.55161367404583,4.518715789481891,43.9027938058499,67.18260648956493,0.0,Low,9514.9356818097,21.317000536587333,28.687969882843863,24.44838632595417,75.55161367404583,4.518715789481891,43.9027938058499,9447.753075320135,0.70607525616807,LOW,Maintain current production plan and continue monitoring.
2043-09-01,10487.96548692176,8577.937799914462,11908.023159773587,37.32121443438434,43.3830074527579,0.3902232296274025,21.25873817423383,11.50460539119857,88.49539460880143,4.308077371347602,49.85958718354868,100.21870255457725,0.0,Low,11908.023159773587,43.3830074527579,21.25873817423383,11.50460539119857,88.49539460880143,4.308077371347602,49.85958718354868,11807.80445721901,0.841606547198576,LOW,Maintain current production plan and continue monitoring.
2043-10-01,9177.080628155183,7396.333160442643,9498.75340983084,92.8535542724061,60.28318227604028,0.4517550378304962,21.319131446490065,24.81510318490234,75.18489681509766,2.869517344554549,48.50408680147803,37.38379275979605,0.0,Low,9498.75340983084,60.28318227604028,21.319131446490065,24.81510318490234,75.18489681509766,2.869517344554549,48.50408680147803,9461.369617071045,0.3935652516371809,LOW,Maintain current production plan and continue monitoring.
2043-11-01,9597.428551764093,10446.944196368171,10614.760457544686,131.77886529227413,27.313822107335834,0.6197795389552231,37.30028139866637,4.243215698770904,95.75678430122908,13.545751674325423,33.31207749140199,7.790668933645065,0.0,Low,10614.760457544686,27.313822107335834,37.30028139866637,4.243215698770904,95.75678430122908,13.545751674325423,33.31207749140199,10606.96978861104,0.07339467494160613,LOW,Maintain current production plan and continue monitoring.
2043-12-01,8696.140953355665,9936.14330256077,8384.062189426351,219.81340592444215,54.84306284842212,0.5768741650690452,31.448224860850697,27.05486636969477,72.94513363030522,15.523080582212984,53.226405086776126,0.0,3.5887040654382334,Low,8384.062189426351,54.84306284842212,31.448224860850697,27.05486636969477,72.94513363030522,15.523080582212984,53.226405086776126,8441.612646281827,0.0,NO SHORTFALL,Continue current production schedule and routine monitoring.
2044-01-01,8563.376858538644,7436.319384211434,8709.111162264366,128.45117928162847,56.66203353326335,0.6106976758989503,25.663040650902644,17.332586532304614,82.66741346769538,6.035882138175077,28.73037524292611,0.0,0.0,Low,8709.111162264366,56.66203353326335,25.663040650902644,17.332586532304614,82.66741346769538,6.035882138175077,28.73037524292611,8974.775186080315,0.0,NO SHORTFALL,Continue current production schedule and routine monitoring.
2044-02-01,10906.621036694813,10222.946589160803,11237.581360024476,178.54210384759944,21.38898206659961,0.1554363932199571,35.34925765813082,24.884337558949824,75.11566244105018,1.3979542595873435,51.25400855863457,129.0572163557008,0.0,Low,11237.581360024476,21.38898206659961,35.34925765813082,24.884337558949824,75.11566244105018,1.3979542595873435,51.25400855863457,11108.524143668776,1.1484429987292186,LOW,Maintain current production plan and continue monitoring.
2044-03-01,10589.950301280514,10044.63726721745,11534.954315620858,248.27604135977688,49.55597187169294,0.2914838097273484,26.321452956252777,14.664911966512404,85.3350880334876,2.56126168205212,54.12820748813856,166.7256035467326,0.0,Low,11534.954315620858,49.55597187169294,26.321452956252777,14.664911966512404,85.3350880334876,2.56126168205212,54.12820748813856,11368.228712074126,1.4453945718792276,LOW,Maintain current production plan and continue monitoring.
2044-04-01,10239.935515234243,8815.933199941253,10422.069764096956,41.55738877551559,64.01388376850254,0.5800947874599067,34.44079385861056,20.0201754655027,79.9798245344973,19.389340662055577,30.31460569667877,0.0,0.0,Low,10422.069764096956,64.01388376850254,34.44079385861056,20.0201754655027,79.9798245344973,19.389340662055577,30.31460569667877,10429.67697752053,0.0,NO SHORTFALL,Continue current production schedule and routine monitoring.
2044-05-01,9522.382361035674,9069.464025107252,10449.536426081904,75.93556612468468,44.92269651751593,0.4645930893168356,28.980218674567254,16.73927450621117,83.26072549378883,6.613450772070985,46.66198192611356,690.7164661287352,0.0,Low,10449.536426081904,44.92269651751593,28.980218674567254,16.73927450621117,83.26072549378883,6.613450772070985,46.66198192611356,9758.819959953169,6.610020176634018,LOW,Maintain current production plan and continue monitoring.
2044-06-01,8933.235800177114,8396.509463545455,8680.541060555484,104.69825814343514,10.84721817432752,0.1534537591844248,40.58880566529548,22.48450660914929,77.51549339085071,15.61523980892454,26.208565563339956,0.0,2.8287033419247614,Low,8680.541060555484,10.84721817432752,40.58880566529548,22.48450660914929,77.51549339085071,15.61523980892454,26.208565563339956,8766.53577255307,0.0,NO SHORTFALL,Continue current production schedule and routine monitoring.
2044-07-01,8891.092606677716,7191.66573587711,9717.096873414912,111.23876284931951,10.632692835550452,0.6729215175806845,40.51740401916948,4.285639496856508,95.7143605031435,12.868607808231012,37.16268475417465,0.0,0.0,Low,9717.096873414912,10.632692835550452,40.51740401916948,4.285639496856508,95.7143605031435,12.868607808231012,37.16268475417465,9822.131357642622,0.0,NO SHORTFALL,Continue current production schedule and routine monitoring.
2044-08-01,9125.607245411487,8173.190345760653,10522.757342272118,108.645058063731,34.99205407790085,0.6523262226387193,31.933759953060036,3.6898583517357855,96.31014164826422,8.256853153405022,40.48849897593022,53.032697185492,0.0,Low,10522.757342272118,34.99205407790085,31.933759953060036,3.6898583517357855,96.31014164826422,8.256853153405022,40.48849897593022,10469.724645086626,0.5039809952895954,LOW,Maintain current production plan and continue monitoring.
2044-09-01,9873.0666617653,9809.98707009304,10642.292630861855,227.8266406135732,74.83358479022473,0.5064724559458157,28.77047773337539,8.9188905522841,91.0811094477159,4.908057981715547,42.41935677728903,0.0,0.0,Low,10642.292630861855,74.83358479022473,28.77047773337539,8.9188905522841,91.0811094477159,4.908057981715547,42.41935677728903,10664.377130732382,0.0,NO SHORTFALL,Continue current production schedule and routine monitoring.
2044-10-01,10286.489806750156,7016.21208051611,11475.452320020791,181.36783467204555,26.007374572252616,0.1932011617545768,29.063994913977364,6.467251043169274,93.53274895683072,3.306341945028722,53.07811744745678,187.91150975652454,0.0,Low,11475.452320020791,26.007374572252616,29.063994913977364,6.467251043169274,93.53274895683072,3.306341945028722,53.07811744745678,11287.540810264267,1.637508522680909,LOW,Maintain current production plan and continue monitoring.
2044-11-01,10150.493441794328,8167.247100919005,9801.636511832274,155.8972513817689,54.4054582210181,0.64823478219618,40.14286314170545,26.40993986458165,73.59006013541836,12.685246392738463,45.16752061882584,0.0,3.4368470061331884,Low,9801.636511832274,54.4054582210181,40.14286314170545,26.40993986458165,73.59006013541836,12.685246392738463,45.16752061882584,9870.585732632175,0.0,NO SHORTFALL,Continue current production schedule and routine monitoring.
2044-12-01,9199.834742364856,8393.590427568302,10268.684332634815,84.2494522870677,25.54531094853244,0.5294138320253866,28.2044870699403,8.137991646025242,91.86200835397476,15.718041832117972,39.43833853657711,0.0,0.0,Low,10268.684332634815,25.54531094853244,28.2044870699403,8.137991646025242,91.86200835397476,15.718041832117972,39.43833853657711,10271.049501999305,0.0,NO SHORTFALL,Continue current production schedule and routine monitoring.
2045-01-01,10887.163201657986,8880.88461028273,10572.214367162856,207.7096922131107,32.5168992761684,0.6582739851526735,25.22648434267115,29.32422716293568,70.67577283706433,13.234180817281484,49.29025108797668,0.0,2.8928457180394487,Low,10572.214367162856,32.5168992761684,25.22648434267115,29.32422716293568,70.67577283706433,13.234180817281484,49.29025108797668,10601.527343882084,0.0,NO SHORTFALL,Continue current production schedule and routine monitoring.
2045-02-01,10344.74229173942,10219.494657444662,11204.488685071508,239.21452275639732,69.36294627210387,0.6386355450572962,22.117208546882672,11.433082169590993,88.56691783040901,11.075740531734008,53.51598462863227,0.0,0.0,Low,11204.488685071508,69.36294627210387,22.117208546882672,11.433082169590993,88.56691783040901,11.075740531734008,53.51598462863227,11234.558968039006,0.0,NO SHORTFALL,Continue current production schedule and routine monitoring.
2045-03-01,9885.8851312785,8212.210980280865,10376.723877527706,207.0875878120544,61.02030095889628,0.6719513467725942,31.66732802211021,7.09930163928358,92.90069836071642,1.797073245201089,25.661984460468727,0.0,0.0,Low,10376.723877527706,61.02030095889628,31.66732802211021,7.09930163928358,92.90069836071642,1.797073245201089,25.661984460468727,10487.584813540536,0.0,NO SHORTFALL,Continue current production schedule and routine monitoring.
2045-04-01,10029.30186558588,8214.336206636797,10343.2674529641,10.375625245953495,16.677949411924743,0.4867052431630061,32.053302472996045,24.111558199989418,75.88844180001058,19.401286774293293,54.47563816768116,0.0,0.0,Low,10343.2674529641,16.677949411924743,32.053302472996045,24.111558199989418,75.88844180001058,19.401286774293293,54.47563816768116,10406.58515705362,0.0,NO SHORTFALL,Continue current production schedule and routine monitoring.
2045-05-01,9549.000156069476,9581.25436838412,9220.60254015581,162.7363288440177,40.00914146905035,0.2412109368257847,41.02271776007268,20.443817714024533,79.55618228597547,16.175569641436915,27.58396417191041,0.0,3.439078547976876,Low,9220.60254015581,40.00914146905035,41.02271776007268,20.443817714024533,79.55618228597547,16.175569641436915,27.58396417191041,9258.301190209202,0.0,NO SHORTFALL,Continue current production schedule and routine monitoring.
2045-06-01,9119.327473752894,8582.762793114325,10309.22475942918,22.27249154610417,12.041883455168511,0.5862523576967976,25.5309674111516,15.949480060687891,84.05051993931211,6.56361869731833,49.43160337806284,321.93216899256186,0.0,Low,10309.22475942918,12.041883455168511,25.5309674111516,15.949480060687891,84.05051993931211,6.56361869731833,49.43160337806284,9987.292590436618,3.1227582723726277,LOW,Maintain current production plan and continue monitoring.
2045-07-01,9389.931696628157,7786.116880289936,9130.100796016204,71.82573288009324,43.66231026221063,0.5533079602837809,29.52478184171,17.550179426253674,82.44982057374632,19.61943625781816,33.410042576542374,0.0,2.7671223711377344,Low,9130.100796016204,43.66231026221063,29.52478184171,17.550179426253674,82.44982057374632,19.61943625781816,33.410042576542374,9247.809550319847,0.0,NO SHORTFALL,Continue current production schedule and routine monitoring.
2045-08-01,10394.615276160925,8583.538306464427,10311.598279365744,24.285928083465205,56.37038081907477,0.6324645716794066,40.210143472342274,22.13764979162339,77.86235020837661,12.43575020309012,28.965389732616156,0.0,0.7986538663491518,Low,10311.598279365744,56.37038081907477,40.210143472342274,22.13764979162339,77.86235020837661,12.43575020309012,28.965389732616156,10427.87607975059,0.0,NO SHORTFALL,Continue current production schedule and routine monitoring.
2045-09-01,8535.98372157439,7492.999571329299,9239.875807764136,154.91090870785305,18.29518365187061,0.2604226539329779,40.59059026872434,8.396732757276364,91.60326724272365,12.066030505937682,38.19566919141505,0.0,0.0,Low,9239.875807764136,18.29518365187061,40.59059026872434,8.396732757276364,91.60326724272365,12.066030505937682,38.19566919141505,9337.81664757862,0.0,NO SHORTFALL,Continue current production schedule and routine monitoring.
2045-10-01,8790.18160126729,7617.354452771781,8219.113964959759,174.78157923822562,30.2219457236416,0.276733879935188,29.615276899469205,29.897349649588776,70.10265035041122,15.21339040916111,44.31869738342841,0.0,6.496653450540765,Medium,8219.113964959759,30.2219457236416,29.615276899469205,29.897349649588776,70.10265035041122,15.21339040916111,44.31869738342841,8438.49337221829,0.0,NO SHORTFALL,Continue current production schedule and routine monitoring.
2045-11-01,8615.006605054381,8744.28720458818,7900.722529372086,37.47703313581723,37.848563785150986,0.7287661861925635,31.478100582167023,29.294208540109928,70.70579145989007,16.423625973712614,36.42855535070425,0.0,8.291161091661014,Medium,7900.722529372086,37.848563785150986,31.478100582167023,29.294208540109928,70.70579145989007,16.423625973712614,36.42855535070425,8406.669750860754,0.0,NO SHORTFALL,Continue current production schedule and routine monitoring.
2045-12-01,8601.822005797425,8466.239073265917,8415.642638966936,102.12133193079508,74.36717172592348,0.637485568993846,27.582147271232078,20.209119217714232,79.79088078228577,13.473093539298551,26.63696224848097,0.0,2.164417802472645,Low,8415.642638966936,74.36717172592348,27.582147271232078,20.209119217714232,79.79088078228577,13.473093539298551,26.63696224848097,8582.46828187881,0.0,NO SHORTFALL,Continue current production schedule and routine monitoring.
2046-01-01,10638.65146002752,10201.96065373835,12088.13582171979,119.49676214933008,79.52785107960749,0.7403485176552099,43.3138719604828,7.587188626016063,92.41281137398394,3.4338191809578005,42.983834189761495,100.0442988393861,0.0,Low,12088.13582171979,79.52785107960749,43.3138719604828,7.587188626016063,92.41281137398394,3.4338191809578005,42.983834189761495,11988.091522880404,0.8276238810919706,LOW,Maintain current production plan and continue monitoring.
2046-02-01,10259.14464845006,8268.378646908215,11020.219149352908,98.57272522261998,13.143790929693113,0.6431649587565484,22.966094143539507,21.04639078807616,78.95360921192385,7.42708261389547,52.07209828332024,196.1690891718281,0.0,Low,11020.219149352908,13.143790929693113,22.966094143539507,21.04639078807616,78.95360921192385,7.42708261389547,52.07209828332024,10824.05006018108,1.7800833768659388,LOW,Maintain current production plan and continue monitoring.
2046-03-01,9685.434572718314,9032.059225973151,10930.706081507598,39.04600011644633,63.27055464467744,0.5381509488936962,43.343735575036746,4.021555451416924,95.97844454858308,18.633589166194945,36.49646097841755,0.0,0.0,Low,10930.706081507598,63.27055464467744,43.343735575036746,4.021555451416924,95.97844454858308,18.633589166194945,36.49646097841755,10933.037409076383,0.0,NO SHORTFALL,Continue current production schedule and routine monitoring.
2046-04-01,8744.585401627504,9212.925007718355,10183.784128355675,110.5474696449941,36.02068464816402,0.5751862790681179,37.09666129588358,2.85827006176257,97.14172993823745,5.267696625033187,31.48998332892481,103.6150484185564,0.0,Low,10183.784128355675,36.02068464816402,37.09666129588358,2.85827006176257,97.14172993823745,5.267696625033187,31.48998332892481,10080.169079937119,1.0174513433572419,LOW,Maintain current production plan and continue monitoring.
2046-05-01,9729.03968779208,7045.830598059168,10284.381270531576,190.28273147402035,37.472073036063605,0.7279331505610065,33.28930381716828,9.215120878313982,90.78487912168602,8.071173452912753,38.27732037798446,0.0,0.0,Low,10284.381270531576,37.472073036063605,33.28930381716828,9.215120878313982,90.78487912168602,8.071173452912753,38.27732037798446,10385.513170836952,0.0,NO SHORTFALL,Continue current production schedule and routine monitoring.
2046-06-01,9683.679426951414,9322.380802058487,9979.34663846244,27.041839487981317,62.79854813429159,0.5262243904327614,20.8164765196124,14.953442788700857,85.04655721129915,9.209460775939723,26.450881331463425,0.0,0.0,Low,9979.34663846244,62.79854813429159,20.8164765196124,14.953442788700857,85.04655721129915,9.209460775939723,26.450881331463425,10254.91147544633,0.0,NO SHORTFALL,Continue current production schedule and routine monitoring.
2046-07-01,8933.004674775038,7623.12588404413,9223.002115952077,29.243203379656823,74.2898502501786,0.5610543608134518,31.88990479555021,26.311630151434656,73.68836984856534,9.348694804194592,49.61462753440824,61.094207973670564,0.0,Low,9223.002115952077,74.2898502501786,31.88990479555021,26.311630151434656,73.68836984856534,9.348694804194592,49.61462753440824,9161.907907978406,0.662411297380082,LOW,Maintain current production plan and continue monitoring.
2046-08-01,9584.629123094932,10363.746111143091,10161.050419097472,95.1451100406362,76.56500161517839,0.2517098654023403,30.193702625068305,22.360733953456624,77.63926604654338,12.645852067395984,49.7902243285056,102.21990072680455,0.0,Low,10161.050419097472,76.56500161517839,30.193702625068305,22.360733953456624,77.63926604654338,12.645852067395984,49.7902243285056,10058.830518370667,1.0059973773448116,LOW,Maintain current production plan and continue monitoring.
2046-09-01,9496.261835993431,7520.319547135896,9140.97409218849,236.014170788542,50.39858102268246,0.4580487930754667,24.030470299378063,22.79578259359947,77.20421740640053,18.918440917149443,42.64001390288885,0.3900530233859172,3.7413431720922623,Low,9140.97409218849,50.39858102268246,24.030470299378063,22.79578259359947,77.20421740640053,18.918440917149443,42.64001390288885,9140.584039165104,0.004267083786171551,LOW,Maintain current production plan and continue monitoring.
2046-10-01,10039.62524513054,8451.184433044584,10675.590797855712,170.45743521349937,34.99848115103519,0.6156581227727643,36.41024008751643,13.91381336454611,86.08618663545388,5.5731615248175945,35.593086668151685,89.3564333794875,0.0,Low,10675.590797855712,34.99848115103519,36.41024008751643,13.91381336454611,86.08618663545388,5.5731615248175945,35.593086668151685,10586.234364476224,0.8370162838897454,LOW,Maintain current production plan and continue monitoring.
2046-11-01,10087.73412716911,7298.723838275254,11171.23885494027,172.88078960141556,65.12843601011454,0.3261127539056375,44.27877268420714,11.68617979131496,88.31382020868504,3.3085261497174434,48.9935009333735,59.589580368239695,0.0,Low,11171.23885494027,65.12843601011454,44.27877268420714,11.68617979131496,88.31382020868504,3.3085261497174434,48.9935009333735,11111.64927457203,0.5334196246451872,LOW,Maintain current production plan and continue monitoring.
2046-12-01,8613.260024430112,10489.059881460817,9798.26158728736,96.8607978010876,27.570096828361017,0.2814652173409477,34.054720276613125,12.389085363568876,87.61091463643112,4.751939307338809,41.64061074365102,356.7896434888007,0.0,Low,9798.26158728736,27.570096828361017,34.054720276613125,12.389085363568876,87.61091463643112,4.751939307338809,41.64061074365102,9441.471943798559,3.6413565846385785,LOW,Maintain current production plan and continue monitoring.
2047-01-01,9436.531536566175,8757.68253615935,8884.992424032822,152.47858989004922,49.48518201834624,0.3539874253458701,37.868831911098646,29.65418778460962,70.34581221539038,17.851573103976122,49.77796925650048,0.0,5.844722824230106,Medium,8884.992424032822,49.48518201834624,37.868831911098646,29.65418778460962,70.34581221539038,17.851573103976122,49.77796925650048,9117.835579171184,0.0,NO SHORTFALL,Continue current production schedule and routine monitoring.
2047-02-01,10064.649789285591,9083.847560620154,11699.415961153516,12.43148416665841,35.10049230674112,0.3069754081953417,21.71126131415042,3.123057359549509,96.8769426404505,13.270405440448917,43.94376377749062,133.7820546589337,0.0,Low,11699.415961153516,35.10049230674112,21.71126131415042,3.123057359549509,96.8769426404505,13.270405440448917,43.94376377749062,11565.633906494582,1.1434934453406966,LOW,Maintain current production plan and continue monitoring.
2047-03-01,9757.84064645022,7234.767670859496,10014.68283635783,162.66305113829014,55.96417515955133,0.2896932140736573,30.441674895424867,26.27688189142856,73.72311810857144,6.432228995544042,48.53216419638392,191.3290032068635,0.0,Low,10014.68283635783,55.96417515955133,30.441674895424867,26.27688189142856,73.72311810857144,6.432228995544042,48.53216419638392,9823.353833150966,1.9104848983559681,LOW,Maintain current production plan and continue monitoring.
2047-04-01,10641.224602970806,9624.861646397125,10443.051491944478,229.1888674182968,26.82792390254548,0.4261530478642565,22.9089621291124,18.202911440027016,81.79708855997299,16.50299184040373,42.9568897965328,0.0,1.862314897206496,Low,10443.051491944478,26.82792390254548,22.9089621291124,18.202911440027016,81.79708855997299,16.50299184040373,42.9568897965328,10611.386717409743,0.0,NO SHORTFALL,Continue current production schedule and routine monitoring.
2047-05-01,10146.734079047365,7734.66957583455,10532.708633366923,157.0176324027566,23.411506201437803,0.7400950340242972,35.31989588841276,14.281231737308532,85.71876826269147,17.366029930905285,37.42423204646999,105.73887637452754,0.0,Low,10532.708633366923,23.411506201437803,35.31989588841276,14.281231737308532,85.71876826269147,17.366029930905285,37.42423204646999,10426.969756992396,1.0039096309903968,LOW,Maintain current production plan and continue monitoring.
2047-06-01,8907.336067703574,10143.190013042498,8847.30120462939,219.6876624319228,74.2767360672806,0.4795887703801669,43.462053955353866,22.30721449162382,77.69278550837618,17.083772435115282,53.73837579778413,0.0,0.6739934658114047,Low,8847.30120462939,74.2767360672806,43.462053955353866,22.30721449162382,77.69278550837618,17.083772435115282,53.73837579778413,8874.881685848046,0.0,NO SHORTFALL,Continue current production schedule and routine monitoring.
2047-07-01,8676.421868501075,7717.988741687025,8910.140733129754,183.75353331186253,17.126257806467585,0.27214824752996,36.54444331179096,15.62673035989168,84.37326964010832,18.459604139151534,41.23341474636534,0.0,0.0,Low,8910.140733129754,17.126257806467585,36.54444331179096,15.62673035989168,84.37326964010832,18.459604139151534,41.23341474636534,9003.196359634938,0.0,NO SHORTFALL,Continue current production schedule and routine monitoring.
2047-08-01,10106.048195515788,7667.407022322833,10170.952503910712,38.93401993688566,45.41705354144521,0.2000315850975681,21.92007620786054,26.45585066628649,73.5441493337135,5.79257938329387,43.15268555621616,0.0,0.0,Low,10170.952503910712,45.41705354144521,21.92007620786054,26.45585066628649,73.5441493337135,5.79257938329387,43.15268555621616,10275.595668541611,0.0,NO SHORTFALL,Continue current production schedule and routine monitoring.
2047-09-01,8566.278276354054,7127.923837468332,7669.21847598529,226.588793748602,25.459694807410624,0.6025014943396514,28.866655124627076,27.21965219231524,72.78034780768476,15.345796646179288,31.61462918244248,0.0,10.471989952100502,Medium,7669.21847598529,25.459694807410624,28.866655124627076,27.21965219231524,72.78034780768476,15.345796646179288,31.61462918244248,8266.716670560863,0.0,NO SHORTFALL,Continue current production schedule and routine monitoring.
2047-10-01,9964.43895318366,8652.234307884997,10891.759191627983,25.94652264538597,12.72509743279672,0.3988191968836521,33.76658448602129,13.808185952456752,86.19181404754325,9.75025044820866,43.769523682818296,41.86271060555191,0.0,Low,10891.759191627983,12.72509743279672,33.76658448602129,13.808185952456752,86.19181404754325,9.75025044820866,43.769523682818296,10849.896481022432,0.38435214981368604,LOW,Maintain current production plan and continue monitoring.
2047-11-01,10850.575603562394,8976.943966419158,11317.128607978022,138.15219341146332,12.521317280399847,0.6841901152804836,30.080193903331303,9.751178322581444,90.24882167741856,16.997972504911168,42.14822948448831,0.0,0.0,Low,11317.128607978022,12.521317280399847,30.080193903331303,9.751178322581444,90.24882167741856,16.997972504911168,42.14822948448831,11426.835392595998,0.0,NO SHORTFALL,Continue current production schedule and routine monitoring.
2047-12-01,9938.685444689698,7229.980237999233,10073.902352329116,44.11290971042984,22.265524047407915,0.5786819996165006,40.841100261879305,18.585809200614143,81.41419079938586,14.841322866070652,30.545151938410747,0.0,0.0,Low,10073.902352329116,22.265524047407915,40.841100261879305,18.585809200614143,81.41419079938586,14.841322866070652,30.545151938410747,10311.940268898847,0.0,NO SHORTFALL,Continue current production schedule and routine monitoring.
2048-01-01,9470.424815516304,9714.346658432536,9252.077986425777,12.809586575416976,70.67392481542001,0.6675569428518896,40.366775117749725,27.546173677267348,72.45382632273265,15.752501483494768,26.787612920594317,0.0,2.305565308250912,Low,9252.077986425777,70.67392481542001,40.366775117749725,27.546173677267348,72.45382632273265,15.752501483494768,26.787612920594317,9304.155937874708,0.0,NO SHORTFALL,Continue current production schedule and routine monitoring.
2048-02-01,10108.220546105884,8586.510921618097,10986.253975428035,111.28822243063335,29.773512078391867,0.3267649256219916,35.29577550258054,7.898541292158664,92.10145870784132,13.467074915940358,43.13077959144313,43.94050334547683,0.0,Low,10986.253975428035,29.773512078391867,35.29577550258054,7.898541292158664,92.10145870784132,13.467074915940358,43.13077959144313,10942.313472082558,0.399958925433133,LOW,Maintain current production plan and continue monitoring.
2048-03-01,9645.632226228792,8835.365942646531,10239.984836690764,80.8097698369975,76.5321419402707,0.6000332995996878,29.336448628317637,19.44306433977752,80.55693566022248,4.37114661992443,47.91076808050961,194.96785117313084,0.0,Low,10239.984836690764,76.5321419402707,29.336448628317637,19.44306433977752,80.55693566022248,4.37114661992443,47.91076808050961,10045.016985517634,1.9039857410193022,LOW,Maintain current production plan and continue monitoring.
2048-04-01,9864.041973289835,8542.6696142838,10077.514282701346,126.64011851142472,50.71356050924355,0.3216402900509172,26.3834093440811,19.683686162590572,80.31631383740942,11.355511459041828,40.702041127660245,10.475825815816279,0.0,Low,10077.514282701346,50.71356050924355,26.3834093440811,19.683686162590572,80.31631383740942,11.355511459041828,40.702041127660245,10067.03845688553,0.10395247798158577,LOW,Maintain current production plan and continue monitoring.
2048-05-01,10853.662021941313,8402.67071306364,10301.15906049442,148.5279728162922,40.562993283813626,0.7603945116426896,22.646857955328237,22.52716462762787,77.47283537237213,19.70872505096565,31.80317875958937,0.0,5.090475088776251,Medium,10301.15906049442,40.562993283813626,22.646857955328237,22.52716462762787,77.47283537237213,19.70872505096565,31.80317875958937,10445.003841450822,0.0,NO SHORTFALL,Continue current production schedule and routine monitoring.
2048-06-01,9465.256594501936,8958.741159578763,10842.392486286311,20.497377354147368,50.60621842686182,0.5636432829966933,28.87244208716385,5.6838951835632745,94.31610481643672,18.81037326344526,44.99565930079105,143.75737522763484,0.0,Low,10842.392486286311,50.60621842686182,28.87244208716385,5.6838951835632745,94.31610481643672,18.81037326344526,44.99565930079105,10698.635111058677,1.3258824139548742,LOW,Maintain current production plan and continue monitoring.
2048-07-01,10902.976409559786,7543.340860757494,11336.67378876622,39.52079082969895,46.168886965838745,0.3609326701139723,30.329312930192987,22.04309901109848,77.95690098890152,1.8203009801432215,27.403171798288067,194.41737695442862,0.0,Low,11336.67378876622,46.168886965838745,30.329312930192987,22.04309901109848,77.95690098890152,1.8203009801432215,27.403171798288067,11142.256411811792,1.7149419713133267,LOW,Maintain current production plan and continue monitoring.
2048-08-01,10763.37660489016,7636.748456733449,10586.319284778852,144.07417514810209,63.11433776301276,0.3251827104899772,36.89557312760184,27.452910578637947,72.54708942136205,4.131481498859305,38.25501114405864,0.0,1.6449979092143303,Low,10586.319284778852,63.11433776301276,36.89557312760184,27.452910578637947,72.54708942136205,4.131481498859305,38.25501114405864,10593.866778489826,0.0,NO SHORTFALL,Continue current production schedule and routine monitoring.
2048-09-01,8989.477836973241,10016.24967354731,10473.49975398986,92.36016476143796,29.774724618099658,0.2741022802965682,36.45399560743934,7.031127048366775,92.96887295163324,3.502846695636676,29.901002751952603,73.83587399747921,0.0,Low,10473.49975398986,29.774724618099658,36.45399560743934,7.031127048366775,92.96887295163324,3.502846695636676,29.901002751952603,10399.66387999238,0.7049780468018971,LOW,Maintain current production plan and continue monitoring.
2048-10-01,8673.403252187914,10311.404117467717,9168.144981694964,185.00163701186756,34.713527412021165,0.601516623280923,21.752703491031426,8.651213097868574,91.34878690213142,14.793618289720614,30.5337715317965,0.0,0.0,Low,9168.144981694964,34.713527412021165,21.752703491031426,8.651213097868574,91.34878690213142,14.793618289720614,30.5337715317965,9203.911625659941,0.0,NO SHORTFALL,Continue current production schedule and routine monitoring.
2048-11-01,8751.945003443567,8306.582606979135,7774.012442529623,166.54999566206553,72.58660117732755,0.2921651484486527,29.881482885778944,29.19906263316591,70.80093736683409,16.537921267281956,31.06881847474611,0.0,11.173888324585713,Medium,7774.012442529623,72.58660117732755,29.881482885778944,29.19906263316591,70.80093736683409,16.537921267281956,31.06881847474611,8059.381312832007,0.0,NO SHORTFALL,Continue current production schedule and routine monitoring.
2048-12-01,8545.554564128874,7947.606356002439,9155.166526317686,212.94504711757764,76.25195592052839,0.5369471228528679,24.54447168043405,7.0673546758657135,92.93264532413428,5.056715959902767,36.60121171131934,0.0,0.0,Low,9155.166526317686,76.25195592052839,24.54447168043405,7.0673546758657135,92.93264532413428,5.056715959902767,36.60121171131934,9582.336193464662,0.0,NO SHORTFALL,Continue current production schedule and routine monitoring.
2049-01-01,8736.107401889822,9253.998401336556,8089.648867405776,176.19827840061407,72.4790759240532,0.3220127675014823,23.920317632920145,25.92278261434821,74.07721738565178,10.61120116608475,26.53450616861193,0.0,7.39984646187158,Medium,8089.648867405776,72.4790759240532,23.920317632920145,25.92278261434821,74.07721738565178,10.61120116608475,26.53450616861193,8295.953933850922,0.0,NO SHORTFALL,Continue current production schedule and routine monitoring.
2049-02-01,10207.516933540892,8430.569598843338,10373.936424245525,113.18345857363556,39.36135957701195,0.5802798141160146,40.68255374343114,15.783779980544974,84.21622001945502,16.973357532212802,36.93380322787294,0.0,0.0,Low,10373.936424245525,39.36135957701195,40.68255374343114,15.783779980544974,84.21622001945502,16.973357532212802,36.93380322787294,10480.706976692389,0.0,NO SHORTFALL,Continue current production schedule and routine monitoring.
2049-03-01,8677.971621150573,7088.852244811207,9386.275927528626,171.51198937466378,64.62558521048172,0.6797108235513505,21.04788041790644,8.922470083288957,91.07752991671104,14.923229350558762,40.35122341344103,0.0,0.0,Low,9386.275927528626,64.62558521048172,21.04788041790644,8.922470083288957,91.07752991671104,14.923229350558762,40.35122341344103,9423.107371826853,0.0,NO SHORTFALL,Continue current production schedule and routine monitoring.
2049-04-01,9297.439075734404,7546.534090781666,9245.744024647567,76.09148182130045,43.34350133107692,0.6557164080440246,30.479571897553036,26.38099723563032,73.61900276436968,11.302506904345115,39.49882854898976,21.776173333031693,0.55601387291425,Low,9245.744024647567,43.34350133107692,30.479571897553036,26.38099723563032,73.61900276436968,11.302506904345115,39.49882854898976,9223.967851314535,0.23552645709182682,LOW,Maintain current production plan and continue monitoring.
2049-05-01,10612.188277423636,9505.90280096589,11033.020721429222,83.51523970677104,44.82778965022715,0.6445533651050082,24.20509139416296,14.468547140074634,85.53145285992537,12.216606118716683,36.48352301209122,0.0,0.0,Low,11033.020721429222,44.82778965022715,24.20509139416296,14.468547140074634,85.53145285992537,12.216606118716683,36.48352301209122,11116.914935328701,0.0,NO SHORTFALL,Continue current production schedule and routine monitoring.
2049-06-01,8558.179839339564,9306.23379668553,9098.422752014289,199.3564383809904,24.32760763400988,0.2720195636999638,41.98325539196185,16.414885910031323,83.58511408996867,10.65885039140932,50.17439824212258,0.0,0.0,Low,9098.422752014289,24.32760763400988,41.98325539196185,16.414885910031323,83.58511408996867,10.65885039140932,50.17439824212258,9141.513146215817,0.0,NO SHORTFALL,Continue current production schedule and routine monitoring.
2049-07-01,10536.17120647234,7094.835973762192,11181.658264677844,117.14068393637972,51.37912122809615,0.2074502155399371,33.92601283187588,12.05853434319344,87.94146565680656,6.653420575057591,29.359800772615124,0.0,0.0,Low,11181.658264677844,51.37912122809615,33.92601283187588,12.05853434319344,87.94146565680656,6.653420575057591,29.359800772615124,11245.704646476026,0.0,NO SHORTFALL,Continue current production schedule and routine monitoring.
2049-08-01,9204.6369369335,7776.902566765323,9439.4205546603,201.6112817244046,23.02951284273436,0.6043167385168007,25.7845159094212,18.60262384017797,81.39737615982203,11.735417864321306,40.17090231344122,97.00268159341249,0.0,Low,9439.4205546603,23.02951284273436,25.7845159094212,18.60262384017797,81.39737615982203,11.735417864321306,40.17090231344122,9342.417873066888,1.0276338577321005,LOW,Maintain current production plan and continue monitoring.
2049-09-01,8795.41206905414,7808.76178805825,9260.797870142129,207.38136968038685,33.20952893470356,0.3894256889663283,32.560682179159414,6.5786684323806375,93.42133156761936,14.088820738951725,26.86124250869663,0.0,0.0,Low,9260.797870142129,33.20952893470356,32.560682179159414,6.5786684323806375,93.42133156761936,14.088820738951725,26.86124250869663,9373.028417840575,0.0,NO SHORTFALL,Continue current production schedule and routine monitoring.
2049-10-01,10241.842913410375,9351.62460259555,10222.845448028042,215.8149610387081,69.85211411339546,0.4310250471621757,38.2871589925779,12.9502830262493,87.0497169737507,17.593135401355347,27.134670366337293,0.0,0.1854887400924772,Low,10222.845448028042,69.85211411339546,38.2871589925779,12.9502830262493,87.0497169737507,17.593135401355347,27.134670366337293,10604.024781946591,0.0,NO SHORTFALL,Continue current production schedule and routine monitoring.
2049-11-01,10072.35711694971,7068.986882140274,9306.064290705504,229.99245660188976,24.495306644759864,0.1702469103157042,43.95295022298585,29.14354502538805,70.85645497461195,13.089535725605714,42.215975490312886,0.0,7.607879837329159,Medium,9306.064290705504,24.495306644759864,43.95295022298585,29.14354502538805,70.85645497461195,13.089535725605714,42.215975490312886,9545.788804685048,0.0,NO SHORTFALL,Continue current production schedule and routine monitoring.
2049-12-01,10693.680033817633,7364.380036946009,11506.857098956256,113.4364529231911,14.981079962140296,0.3187246920287819,25.511150106135474,9.227736115631572,90.77226388436844,15.461309203820004,41.98055274663463,0.0,0.0,Low,11506.857098956256,14.981079962140296,25.511150106135474,9.227736115631572,90.77226388436844,15.461309203820004,41.98055274663463,11540.44782910007,0.0,NO SHORTFALL,Continue current production schedule and routine monitoring.
2050-01-01,10337.677609509714,9799.706298806164,11413.098571502438,86.52803639707332,14.830531482897142,0.1718896625184016,42.15454430323363,20.388626607156183,79.61137339284382,4.041361064136887,51.34100538533371,562.6531834343932,0.0,Low,11413.098571502438,14.830531482897142,42.15454430323363,20.388626607156183,79.61137339284382,4.041361064136887,51.34100538533371,10850.445388068045,4.929889809585029,LOW,Maintain current production plan and continue monitoring.
2050-02-01,10508.702325962122,7624.906317190168,11042.682197615452,149.72769918258732,75.85491643521755,0.721470752190811,43.357602854187256,11.105321798291456,88.89467820170854,9.769592013976007,41.7362102698022,0.0,0.0,Low,11042.682197615452,75.85491643521755,43.357602854187256,11.105321798291456,88.89467820170854,9.769592013976007,41.7362102698022,11155.674079477087,0.0,NO SHORTFALL,Continue current production schedule and routine monitoring.
2050-03-01,9205.086431428266,9284.61137748156,9932.888100752169,99.08138162503062,45.48443065732842,0.3082078440920448,42.91051361330166,23.657247519224818,76.34275248077518,1.1773007767147727,53.79373061214551,128.2856040178831,0.0,Low,9932.888100752169,45.48443065732842,42.91051361330166,23.657247519224818,76.34275248077518,1.1773007767147727,53.79373061214551,9804.602496734286,1.291523701028794,LOW,Maintain current production plan and continue monitoring.
2050-04-01,8943.598859449306,7833.639733663543,9662.24068760878,154.2578000320559,38.65884502719128,0.5122691602224553,35.88535892154775,5.664462500113795,94.3355374998862,5.6868984259108375,26.46084545199789,0.0,0.0,Low,9662.24068760878,38.65884502719128,35.88535892154775,5.664462500113795,94.3355374998862,5.6868984259108375,26.46084545199789,9818.14689182919,0.0,NO SHORTFALL,Continue current production schedule and routine monitoring.
2050-05-01,10376.536879102146,7348.044874657708,9406.434669057253,179.34060703451792,66.76150067055428,0.1753365584297347,35.74551636086769,29.15498926219925,70.84501073780075,14.802772587147093,27.94023054342223,0.0,9.348997853018142,Medium,9406.434669057253,66.76150067055428,35.74551636086769,29.15498926219925,70.84501073780075,14.802772587147093,27.94023054342223,9833.891311737385,0.0,NO SHORTFALL,Continue current production schedule and routine monitoring.
2050-06-01,10517.08684816816,7851.10266849809,10405.534722156068,175.21720443811284,68.50781495373613,0.5834508043486778,30.080265829595568,14.7061071587419,85.2938928412581,19.844389075637903,26.32197584711144,0.0,1.0606751434359696,Low,10405.534722156068,68.50781495373613,30.080265829595568,14.7061071587419,85.2938928412581,19.844389075637903,26.32197584711144,10566.49147381886,0.0,NO SHORTFALL,Continue current production schedule and routine monitoring.
2050-07-01,10976.262855001683,9527.934261494807,11984.04653059527,99.89269288482912,33.25337231809232,0.359967774740161,38.8099470575947,8.60941297370099,91.39058702629902,2.884383892157102,30.5583055100062,76.92015689015716,0.0,Low,11984.04653059527,33.25337231809232,38.8099470575947,8.60941297370099,91.39058702629902,2.884383892157102,30.5583055100062,11907.126373705112,0.6418546247611774,LOW,Maintain current production plan and continue monitoring.
2050-08-01,9531.544192278569,9994.937638372,10795.91667472201,50.04644840770068,58.55326402316567,0.7336474715224828,33.282350458773294,4.057908925240355,95.94209107475965,8.628392001364476,41.23810332825035,135.19653759199537,0.0,Low,10795.91667472201,58.55326402316567,33.282350458773294,4.057908925240355,95.94209107475965,8.628392001364476,41.23810332825035,10660.720137130014,1.252293266662107,LOW,Maintain current production plan and continue monitoring.
2050-09-01,9430.045214481956,9905.76952598447,10440.19845264593,113.3270412309298,63.97859710963206,0.7272768228071234,36.93595178070736,6.753221342451141,93.24677865754886,16.20134840528403,44.36716544282284,0.0,0.0,Low,10440.19845264593,63.97859710963206,36.93595178070736,6.753221342451141,93.24677865754886,16.20134840528403,44.36716544282284,10449.658067484821,0.0,NO SHORTFALL,Continue current production schedule and routine monitoring.
2050-10-01,10441.032401854993,8390.142353664593,11110.51672178233,44.22259457965809,55.82554808061681,0.361438901935136,30.711447596219884,16.553670559568495,83.4463294404315,4.8766770579490775,26.367554738460065,35.9303858664407,0.0,Low,11110.51672178233,55.82554808061681,30.711447596219884,16.553670559568495,83.4463294404315,4.8766770579490775,26.367554738460065,11074.586335915888,0.3233907726001497,LOW,Maintain current production plan and continue monitoring.
2050-11-01,9352.008850632545,9338.29797799726,10238.571442515937,223.623288444114,20.61165523600696,0.7356245821988042,38.28741160107848,11.436088940076017,88.56391105992398,11.546614036743438,53.37912669536798,9.094731132654488,0.0,Low,10238.571442515937,20.61165523600696,38.28741160107848,11.436088940076017,88.56391105992398,11.546614036743438,53.37912669536798,10229.476711383282,0.08882812591303878,LOW,Maintain current production plan and continue monitoring.
2050-12-01,10826.893314008912,7717.445033955373,10943.94309435814,93.01059057708578,71.311815846194,0.7975024877742063,40.61178794011373,25.208734244713064,74.79126575528693,14.928354624563822,50.26496129951143,38.870773650915,0.0,Low,10943.94309435814,71.311815846194,40.61178794011373,25.208734244713064,74.79126575528693,14.928354624563822,50.26496129951143,10905.072320707224,0.3551806996415561,LOW,Maintain current production plan and continue monitoring.
2051-01-01,10646.03187960753,8026.017055913547,11180.866164576615,47.07033933359771,47.73661869152061,0.6865201816805663,23.660906415070404,14.064850662530567,85.93514933746943,12.703723554943402,33.898374464712795,0.13854337924931315,0.0,Low,11180.866164576615,47.73661869152061,23.660906415070404,14.064850662530567,85.93514933746943,12.703723554943402,33.898374464712795,11180.727621197366,0.001239111328317732,LOW,Maintain current production plan and continue monitoring.
2051-02-01,9572.485068437543,10137.17536482392,10597.289061419651,16.10746237738021,29.77306984590026,0.6991663760408989,40.8232428893557,8.963999632453637,91.03600036754636,4.572469957692906,27.31562590679404,0.0,0.0,Low,10597.289061419651,29.77306984590026,40.8232428893557,8.963999632453637,91.03600036754636,4.572469957692906,27.31562590679404,10664.377302851446,0.0,NO SHORTFALL,Continue current production schedule and routine monitoring.
2051-03-01,10377.177669478744,7045.506732287576,10378.195846579292,164.99737270875622,39.76597298063857,0.3118556784709084,33.50741329475768,19.28005962491284,80.71994037508716,7.752306805029049,30.09661219657172,42.9281199480738,0.0,Low,10378.195846579292,39.76597298063857,33.50741329475768,19.28005962491284,80.71994037508716,7.752306805029049,30.09661219657172,10335.267726631218,0.4136375973500551,LOW,Maintain current production plan and continue monitoring.
2051-04-01,10386.357185211706,7299.279857990638,9728.84100108614,162.8565561891384,12.629976327923517,0.5248565592575416,41.11664772725561,21.789762072792485,78.21023792720752,15.892043905222549,28.80833241264918,0.0,6.330575507857067,Medium,9728.84100108614,12.629976327923517,41.11664772725561,21.789762072792485,78.21023792720752,15.892043905222549,28.80833241264918,9878.528527398621,0.0,NO SHORTFALL,Continue current production schedule and routine monitoring.
2051-05-01,8757.809672089832,7727.601893011096,9889.809553848068,91.74499997951,18.950676085569228,0.1937163440787891,30.782542658525365,6.6771734212265965,93.3228265787734,11.530303768508317,28.698513378968407,87.21447519706271,0.0,Low,9889.809553848068,18.950676085569228,30.782542658525365,6.6771734212265965,93.3228265787734,11.530303768508317,28.698513378968407,9802.595078651006,0.8818620290127634,LOW,Maintain current production plan and continue monitoring.
2051-06-01,10756.382266698916,7092.862713558369,12468.732199620375,27.21085332343624,63.58827253611026,0.2116966589340853,29.476012134575875,6.693338056072895,93.30666194392712,1.099362657315342,40.556850659972014,302.91754841894,0.0,Low,12468.732199620375,63.58827253611026,29.476012134575875,6.693338056072895,93.30666194392712,1.099362657315342,40.556850659972014,12165.814651201435,2.4294173903916443,LOW,Maintain current production plan and continue monitoring.
2051-07-01,9763.130931119642,7635.02402281429,10610.490411893292,108.31093477485568,10.00081443287563,0.799280197821639,42.87651831293056,3.026799954139203,96.9732000458608,15.458824440533784,32.37542327480201,0.0,0.0,Low,10610.490411893292,10.00081443287563,42.87651831293056,3.026799954139203,96.9732000458608,15.458824440533784,32.37542327480201,10671.617432962199,0.0,NO SHORTFALL,Continue current production schedule and routine monitoring.
2051-08-01,10566.143665269354,9040.645463393925,10882.50113667092,84.69219881521445,39.15960799376045,0.3623155121268421,26.279231688710038,22.61925642183793,77.38074357816207,1.6709157438645423,35.74419149587433,116.94919078763633,0.0,Low,10882.50113667092,39.15960799376045,26.279231688710038,22.61925642183793,77.38074357816207,1.6709157438645423,35.74419149587433,10765.551945883284,1.0746536050756839,LOW,Maintain current production plan and continue monitoring.
2051-09-01,9300.12400257653,8474.985927073743,9531.66965512608,172.50895353640226,46.57571267599119,0.6363195428317502,41.10530813215358,20.586526773410544,79.41347322658946,15.168941871893413,54.68516000152968,28.079050562009797,0.0,Low,9531.66965512608,46.57571267599119,41.10530813215358,20.586526773410544,79.41347322658946,15.168941871893413,54.68516000152968,9503.59060456407,0.29458690426717676,LOW,Maintain current production plan and continue monitoring.
2051-10-01,10738.8080712405,10124.350988769413,11548.276522131226,155.3870198686457,13.82440940006806,0.6743322844674308,32.1005143127351,15.289664520994789,84.71033547900521,4.847130643139511,45.52942746776034,133.2773841073158,0.0,Low,11548.276522131226,13.82440940006806,32.1005143127351,15.289664520994789,84.71033547900521,4.847130643139511,45.52942746776034,11414.99913802391,1.1540889573600162,LOW,Maintain current production plan and continue monitoring.
2051-11-01,9473.004196835407,9861.052466084544,9690.574366191098,97.5024947674096,78.1154714080633,0.707715126154699,32.852386063781495,25.63677257113752,74.36322742886247,19.203396122268224,53.46942001141004,129.0728913255807,0.0,Low,9690.574366191098,78.1154714080633,32.852386063781495,25.63677257113752,74.36322742886247,19.203396122268224,53.46942001141004,9561.501474865518,1.3319426325842552,LOW,Maintain current production plan and continue monitoring.
2051-12-01,8527.094128700746,8196.360730942566,8483.026618500944,62.29421302119762,25.828773187477037,0.7984583933114018,27.7117070372371,24.558764282601487,75.44123571739851,7.990874274739605,29.27669665099347,0.0,0.516793992592136,Low,8483.026618500944,25.828773187477037,27.7117070372371,24.558764282601487,75.44123571739851,7.990874274739605,29.27669665099347,8612.902260173461,0.0,NO SHORTFALL,Continue current production schedule and routine monitoring.
2052-01-01,10763.45494104816,7907.982017009524,10608.353367894064,247.1286318773421,31.29391037453966,0.3069727154169641,34.32605501547539,18.38992220310906,81.61007779689095,7.211700710423503,36.46418424497708,0.0,1.441001741574547,Low,10608.353367894064,31.29391037453966,34.32605501547539,18.38992220310906,81.61007779689095,7.211700710423503,36.46418424497708,10893.959143735603,0.0,NO SHORTFALL,Continue current production schedule and routine monitoring.
2052-02-01,8728.216691965334,8328.923428585435,9120.755559072071,118.96038908706755,31.275975857851915,0.1762280374588048,28.130279906905283,26.31159585437124,73.68840414562877,3.8288729563164488,41.64195409847063,199.27949309388532,0.0,Low,9120.755559072071,31.275975857851915,28.130279906905283,26.31159585437124,73.68840414562877,3.8288729563164488,41.64195409847063,8921.476065978186,2.1849011499455164,LOW,Maintain current production plan and continue monitoring.
2052-03-01,9298.284093976035,9066.032298801829,9988.66235749309,175.18581658725688,26.129166348214493,0.4172744866964809,20.98173535604131,7.763553881029511,92.23644611897048,6.806480094314082,27.30274185666214,0.0,0.0,Low,9988.66235749309,26.129166348214493,20.98173535604131,7.763553881029511,92.23644611897048,6.806480094314082,27.30274185666214,10209.274899738433,0.0,NO SHORTFALL,Continue current production schedule and routine monitoring.
2052-04-01,10875.154917627013,7938.222742880067,11742.935486997556,43.73271221880658,10.1031675460418,0.2345524353888155,26.7999651336089,5.1337493431363805,94.8662506568636,17.65636447473581,25.125623308838737,0.0,0.0,Low,11742.935486997556,10.1031675460418,26.7999651336089,5.1337493431363805,94.8662506568636,17.65636447473581,25.125623308838737,11759.74296580167,0.0,NO SHORTFALL,Continue current production schedule and routine monitoring.
2052-05-01,10876.51786734389,9184.521177471968,11493.310467455609,126.54152791825548,61.05413558615975,0.1645768279553358,20.15947608516477,9.55298912247571,90.44701087752428,19.9303524149177,45.113030013907526,0.0,0.0,Low,11493.310467455609,61.05413558615975,20.15947608516477,9.55298912247571,90.44701087752428,19.9303524149177,45.113030013907526,11572.802737740732,0.0,NO SHORTFALL,Continue current production schedule and routine monitoring.
2052-06-01,9933.594720308216,8432.940782669342,11759.620250969818,16.60881276867172,77.67918498594997,0.384277437641966,44.458869676421415,3.598431970500816,96.4015680294992,7.997881079630118,44.25458550404306,125.95857428006639,0.0,Low,11759.620250969818,77.67918498594997,44.458869676421415,3.598431970500816,96.4015680294992,7.997881079630118,44.25458550404306,11633.661676689751,1.0711108997731331,LOW,Maintain current production plan and continue monitoring.
2052-07-01,10079.593030424498,8932.16513298193,10515.722591370668,131.309228298508,25.700543829953155,0.6594298631989037,44.14368024549368,16.872746784028898,83.12725321597111,9.523601988136308,37.32366429998835,0.0,0.0,Low,10515.722591370668,25.700543829953155,44.14368024549368,16.872746784028898,83.12725321597111,9.523601988136308,37.32366429998835,10569.111071173493,0.0,NO SHORTFALL,Continue current production schedule and routine monitoring.
2052-08-01,9621.1138049458,8526.442851973608,8538.779462516202,241.36417770824855,56.41330342623957,0.5180174492962961,29.878882436807626,28.224959384258923,71.77504061574108,14.719347825852005,39.68932228096098,0.0,11.249574263150436,Medium,8538.779462516202,56.41330342623957,29.878882436807626,28.224959384258923,71.77504061574108,14.719347825852005,39.68932228096098,9406.10734248436,0.0,NO SHORTFALL,Continue current production schedule and routine monitoring.
2052-09-01,9233.02692924516,8030.630158396711,10547.08092107986,102.20961111659206,61.93274288711006,0.3533056929867301,38.20927135849115,3.10161913871827,96.89838086128174,17.837719828836416,37.46329001776269,69.71081401817173,0.0,Low,10547.08092107986,61.93274288711006,38.20927135849115,3.10161913871827,96.89838086128174,17.837719828836416,37.46329001776269,10477.370107061688,0.6609488875622888,LOW,Maintain current production plan and continue monitoring.
2052-10-01,9321.66136342479,10319.58657436755,10645.38764531338,19.35904301797878,69.38977653633674,0.5753223035702678,28.645152460260626,5.41907759228075,94.58092240771924,12.267842349548898,25.720151345346665,64.68126297241179,0.0,Low,10645.38764531338,69.38977653633674,28.645152460260626,5.41907759228075,94.58092240771924,12.267842349548898,25.720151345346665,10580.706382340968,0.6075989445146005,LOW,Maintain current production plan and continue monitoring.
2052-11-01,10181.296140192597,9672.620279559163,11010.54471676959,17.42938982064245,39.58404379095264,0.3008118172007269,36.7773289271494,14.661572791936187,85.33842720806382,8.438988265378757,35.06114818652387,82.01502102041559,0.0,Low,11010.54471676959,39.58404379095264,36.7773289271494,14.661572791936187,85.33842720806382,8.438988265378757,35.06114818652387,10928.529695749174,0.7448770531352801,LOW,Maintain current production plan and continue monitoring.
2052-12-01,10380.9363235942,7490.396115182584,9755.827837587614,103.11682238724867,31.205163394830045,0.1593479399468552,40.13575107614948,28.148500490781338,71.85149950921866,8.83981497612385,30.312467661918696,0.0,6.021696564941012,Medium,9755.827837587614,31.205163394830045,40.13575107614948,28.148500490781338,71.85149950921866,8.83981497612385,30.312467661918696,9962.287438694173,0.0,NO SHORTFALL,Continue current production schedule and routine monitoring.
2053-01-01,10478.947609314622,10039.637915642696,11205.378498140455,48.40598475116657,32.77065938161218,0.6468297011836778,43.66890611730602,10.852370939349017,89.14762906065098,14.21674478343933,27.952725673041066,0.0,0.0,Low,11205.378498140455,32.77065938161218,43.66890611730602,10.852370939349017,89.14762906065098,14.21674478343933,27.952725673041066,11228.496031981416,0.0,NO SHORTFALL,Continue current production schedule and routine monitoring.
2053-02-01,10474.045356986386,8706.009193873298,11960.174939829758,15.60450311876462,59.8834933168959,0.5554330051616059,30.0053068962418,16.20257464327499,83.79742535672501,1.0611470084812948,53.7016130166805,192.96896089913025,0.0,Low,11960.174939829758,59.8834933168959,30.0053068962418,16.20257464327499,83.79742535672501,1.0611470084812948,53.7016130166805,11767.205978930628,1.6134292505747998,LOW,Maintain current production plan and continue monitoring.
2053-03-01,8728.015257621726,10130.93279412932,9941.596798574488,191.49126734804244,67.17456265539452,0.645496705925624,39.5824495739012,3.1640400534109787,96.835959946589,12.772197411736974,42.98079175126497,41.80404275096589,0.0,Low,9941.596798574488,67.17456265539452,39.5824495739012,3.1640400534109787,96.835959946589,12.772197411736974,42.98079175126497,9899.792755823522,0.4204962602884892,LOW,Maintain current production plan and continue monitoring.
2053-04-01,9736.050761756454,9799.493395815603,11207.03742931821,120.04552213165375,22.712977742962188,0.1753097108469826,26.64821126580297,6.153609626938488,93.84639037306152,7.754367198385791,46.85968852709808,200.6424282973676,0.0,Low,11207.03742931821,22.712977742962188,26.64821126580297,6.153609626938488,93.84639037306152,7.754367198385791,46.85968852709808,11006.395001020843,1.7903253162381367,LOW,Maintain current production plan and continue monitoring.
2053-05-01,8643.896900041611,8488.247265642316,8137.955221150225,79.41874527343708,35.96587057104357,0.694127758089924,44.75830759484121,29.625643442847714,70.37435655715228,16.0897492942646,34.460912297983526,0.0,5.853166514387167,Medium,8137.955221150225,35.96587057104357,44.75830759484121,29.625643442847714,70.37435655715228,16.0897492942646,34.460912297983526,8299.529423492597,0.0,NO SHORTFALL,Continue current production schedule and routine monitoring.
2053-06-01,9873.822205809338,7078.642579120411,9561.342489027207,226.01996392395537,73.1358137724405,0.5526920300235971,20.644239969108774,29.02332350020928,70.97667649979073,2.766822156639511,36.79441388482046,0.0,3.16472902052337,Low,9561.342489027207,73.1358137724405,20.644239969108774,29.02332350020928,70.97667649979073,2.766822156639511,36.79441388482046,9606.335812585108,0.0,NO SHORTFALL,Continue current production schedule and routine monitoring.
2053-07-01,9603.826253433444,7940.370757847311,11014.264582284291,37.87335044812615,66.46854637863174,0.5162069779632161,35.088220162528025,2.138319466163469,97.86168053383652,12.17584307201942,32.10771981690171,62.07698319503652,0.0,Low,11014.264582284291,66.46854637863174,35.088220162528025,2.138319466163469,97.86168053383652,12.17584307201942,32.10771981690171,10952.187599089255,0.5636053386159181,LOW,Maintain current production plan and continue monitoring.
2053-08-01,10719.26045689575,8895.719751313034,9626.217854740287,239.4205189492766,78.94008819337331,0.5559991312744456,36.487649541283176,28.65072999185069,71.3492700081493,10.138484907836352,27.908970128962743,0.0,10.196996393088888,Medium,9626.217854740287,78.94008819337331,36.487649541283176,28.65072999185069,71.3492700081493,10.138484907836352,27.908970128962743,9810.797978325043,0.0,NO SHORTFALL,Continue current production schedule and routine monitoring.
2053-09-01,9377.287531380196,9217.173769391517,9630.194294292613,85.35201217056468,62.79737817774566,0.7118816104644367,37.20113892685322,19.89535825883401,80.10464174116599,13.20418499219932,30.370949123247517,86.2224753175069,0.0,Low,9630.194294292613,62.79737817774566,37.20113892685322,19.89535825883401,80.10464174116599,13.20418499219932,30.370949123247517,9543.971818975106,0.8953347428162185,LOW,Maintain current production plan and continue monitoring.
2053-10-01,8792.667541069015,7902.606899016207,9052.239448588689,223.21688135408348,37.52366407195456,0.5315087292632896,23.009689469727224,26.30171224656062,73.69828775343939,2.2322182951763985,48.925421358894575,78.2354902376319,0.0,Low,9052.239448588689,37.52366407195456,23.009689469727224,26.30171224656062,73.69828775343939,2.2322182951763985,48.925421358894575,8974.003958351057,0.8642666898281107,LOW,Maintain current production plan and continue monitoring.
2053-11-01,8857.47920513209,7487.746259254884,9824.865187116431,154.70629035507076,51.34464837962464,0.5276177469273166,43.46324458682826,14.732715957748056,85.26728404225194,12.019691961134496,45.32637415551328,165.81422474090868,0.0,Low,9824.865187116431,51.34464837962464,43.46324458682826,14.732715957748056,85.26728404225194,12.019691961134496,45.32637415551328,9659.050962375522,1.6876997453190976,LOW,Maintain current production plan and continue monitoring.
2053-12-01,10403.77657929368,9922.255828797548,10497.433978315976,208.409766337957,56.27099779731242,0.7939414520927478,24.529581976252068,16.436688800219006,83.563311199781,11.66820717123095,41.4078662795643,0.0,0.0,Low,10497.433978315976,56.27099779731242,24.529581976252068,16.436688800219006,83.563311199781,11.66820717123095,41.4078662795643,10739.504852568623,0.0,NO SHORTFALL,Continue current production schedule and routine monitoring.
2054-01-01,10045.545158290652,10445.407632462431,10250.9114386649,246.16315917051145,15.491907142198675,0.6418746085945692,35.568835080996024,15.687704247193764,84.31229575280624,11.652541793907249,39.25269618600304,0.0,0.0,Low,10250.9114386649,15.491907142198675,35.568835080996024,15.687704247193764,84.31229575280624,11.652541793907249,39.25269618600304,10306.915094457714,0.0,NO SHORTFALL,Continue current production schedule and routine monitoring.
2054-02-01,8752.806690306976,8839.9156380594,9022.993615646224,79.21730507649897,48.11478713727056,0.4374909735432379,25.566901978077123,20.672199211290923,79.32780078870908,12.466265665332642,52.67302850968373,0.0,0.0,Low,9022.993615646224,48.11478713727056,25.566901978077123,20.672199211290923,79.32780078870908,12.466265665332642,52.67302850968373,9051.855136957964,0.0,NO SHORTFALL,Continue current production schedule and routine monitoring.
2054-03-01,8710.267015287494,7600.877500469062,9073.620933462698,240.6725164978223,59.65245799308267,0.609808050021403,27.68041042553177,5.910235133176761,94.08976486682324,13.852890807300884,27.18204843336005,0.0,0.0,Low,9073.620933462698,59.65245799308267,27.68041042553177,5.910235133176761,94.08976486682324,13.852890807300884,27.18204843336005,9270.200678800218,0.0,NO SHORTFALL,Continue current production schedule and routine monitoring.
2054-04-01,10252.4228286478,7953.075642817791,11143.679114339251,103.47565477658088,21.712491280074225,0.4029998065996625,33.66146354320311,2.8392605164349827,97.16073948356502,16.294790993934626,33.41802439713748,24.061328415185926,0.0,Low,11143.679114339251,21.712491280074225,33.66146354320311,2.8392605164349827,97.16073948356502,16.294790993934626,33.41802439713748,11119.617785924065,0.21591907096665006,LOW,Maintain current production plan and continue monitoring.
2054-05-01,8681.907515910483,7064.367367916134,9819.90837644536,102.52285713686136,64.64422021978899,0.2987690506142743,30.42983546411441,10.622038364553346,89.37796163544665,6.126593682436073,35.49813560712142,67.6797812644345,0.0,Low,9819.90837644536,64.64422021978899,30.42983546411441,10.622038364553346,89.37796163544665,6.126593682436073,35.49813560712142,9752.228595180926,0.6892099057336971,LOW,Maintain current production plan and continue monitoring.
2054-06-01,10554.65014822589,10200.045822961749,10732.48611473035,91.69290502108136,50.86409463598781,0.5379537199770437,24.005640024412656,21.731061356626107,78.2689386433739,16.67593879342118,48.47277436638363,0.0,0.0,Low,10732.48611473035,50.86409463598781,24.005640024412656,21.731061356626107,78.2689386433739,16.67593879342118,48.47277436638363,10773.330900240067,0.0,NO SHORTFALL,Continue current production schedule and routine monitoring.
2054-07-01,10265.60556789124,7412.128790115494,11283.997521283063,139.93782576342045,76.65552499883162,0.7533183637740685,24.273410060521208,7.651896659442555,92.34810334055744,10.46685796300562,54.77543860485914,150.09459880849317,0.0,Low,11283.997521283063,76.65552499883162,24.273410060521208,7.651896659442555,92.34810334055744,10.46685796300562,54.77543860485914,11133.90292247457,1.3301544822692095,LOW,Maintain current production plan and continue monitoring.
2054-08-01,8703.37195160475,9017.807664299888,9147.912660684233,46.9948103628369,12.969560874482418,0.7539406880100509,30.453619704069997,20.856108133097685,79.14389186690232,2.464107303552292,32.220115442714594,43.93357788626054,0.0,Low,9147.912660684233,12.969560874482418,30.453619704069997,20.856108133097685,79.14389186690232,2.464107303552292,32.220115442714594,9103.979082797972,0.4802579508118572,LOW,Maintain current production plan and continue monitoring.
2054-09-01,8712.09428521298,7959.193272405221,8554.92779701524,142.89075648592268,28.572829628882687,0.3722384307685687,38.93207445688752,29.15753729100357,70.84246270899644,2.112467655635605,51.22922002411242,0.0,1.804003527194349,Low,8554.92779701524,28.572829628882687,38.93207445688752,29.15753729100357,70.84246270899644,2.112467655635605,51.22922002411242,8904.43030730713,0.0,NO SHORTFALL,Continue current production schedule and routine monitoring.
2054-10-01,10966.59894625294,8939.623008805276,12605.275275672526,140.00915497840097,52.10877155098768,0.4929903530441017,42.44911617119472,4.629220042103714,95.37077995789627,7.350528055225155,49.91868281295374,260.6324113984174,0.0,Low,12605.275275672526,52.10877155098768,42.44911617119472,4.629220042103714,95.37077995789627,7.350528055225155,49.91868281295374,12344.642864274108,2.0676455348930247,LOW,Maintain current production plan and continue monitoring.
2054-11-01,9435.6769893903,9279.971359231524,8735.410217241,192.8564350251688,30.759193854415148,0.2875633340704098,22.10319155648457,20.832859310303537,79.16714068969647,15.913042565117884,31.739721929253,0.0,7.421478850290196,Medium,8735.410217241,30.759193854415148,22.10319155648457,20.832859310303537,79.16714068969647,15.913042565117884,31.739721929253,8897.782512028392,0.0,NO SHORTFALL,Continue current production schedule and routine monitoring.
2054-12-01,9426.605367667227,9904.096312975204,9605.967074591845,210.07599086502051,60.00969148498695,0.7971602211742743,29.827597688985023,14.425006140527993,85.574993859472,14.4459377600774,36.97997740597668,0.0,0.0,Low,9605.967074591845,60.00969148498695,29.827597688985023,14.425006140527993,85.574993859472,14.4459377600774,36.97997740597668,9664.343684929896,0.0,NO SHORTFALL,Continue current production schedule and routine monitoring.
2055-01-01,10531.998918143756,7722.474451162111,9774.755859238803,115.70592407498177,63.13036977653517,0.7877266401141583,22.50613909307192,26.30798312257015,73.69201687742985,15.983684328775722,37.29018607877558,0.0,7.189927237843027,Medium,9774.755859238803,63.13036977653517,22.50613909307192,26.30798312257015,73.69201687742985,15.983684328775722,37.29018607877558,9986.318526832622,0.0,NO SHORTFALL,Continue current production schedule and routine monitoring.
2055-02-01,10868.121443459648,7038.485400304682,12265.510453537368,82.5599798443585,17.17611748465321,0.5721808043098408,20.414812015814945,6.960194104526805,93.0398058954732,10.828112072390578,54.34662005579675,166.57487997132557,0.0,Low,12265.510453537368,17.17611748465321,20.414812015814945,6.960194104526805,93.0398058954732,10.828112072390578,54.34662005579675,12098.935573566043,1.3580753985113228,LOW,Maintain current production plan and continue monitoring.
2055-03-01,10965.002659557176,7479.099705240826,11253.887654788408,72.24037535610267,45.96981249447374,0.6728691387903577,36.54296706609891,21.393526662332608,78.6064733376674,9.36378096115432,30.426757041366947,140.60027750327936,0.0,Low,11253.887654788408,45.96981249447374,36.54296706609891,21.393526662332608,78.6064733376674,9.36378096115432,30.426757041366947,11113.287377285129,1.2493485079660935,LOW,Maintain current production plan and continue monitoring.
2055-04-01,10383.445463147356,10150.065246468368,11061.793923888275,56.70972080916926,45.62233889137392,0.614815104834405,35.06123604916469,25.467228110147087,74.53277188985291,3.801598007419395,48.97473913314346,164.60562888958157,0.0,Low,11061.793923888275,45.62233889137392,35.06123604916469,25.467228110147087,74.53277188985291,3.801598007419395,48.97473913314346,10897.188294998694,1.488055463898227,LOW,Maintain current production plan and continue monitoring.
2055-05-01,9440.648963827289,10058.615271468803,9372.646298800157,23.835419727765974,35.84965391508787,0.5355528423756544,24.07547784537216,28.44919814527265,71.55080185472735,7.235662318576919,35.0257814251933,15.190580429263719,0.7203176951890943,Low,9372.646298800157,35.84965391508787,24.07547784537216,28.44919814527265,71.55080185472735,7.235662318576919,35.0257814251933,9357.455718370893,0.16207354833403184,LOW,Maintain current production plan and continue monitoring.
2055-06-01,8708.751791746672,9090.945857596078,9200.336375448178,92.1875149203312,75.30474037987705,0.1846761980427835,25.845320827326603,21.13094479211008,78.86905520788991,9.24636795730363,46.926110373284814,102.23879007777941,0.0,Low,9200.336375448178,75.30474037987705,25.845320827326603,21.13094479211008,78.86905520788991,9.24636795730363,46.926110373284814,9098.097585370399,1.111250566344636,LOW,Maintain current production plan and continue monitoring.
2055-07-01,10442.867289818592,9101.809011517787,11319.154616640924,74.85944611138798,67.92544239112549,0.4455968226592297,20.59269384111296,15.920893392235964,84.07910660776403,2.6834081639127274,37.600330128869885,166.59299925997584,0.0,Low,11319.154616640924,67.92544239112549,20.59269384111296,15.920893392235964,84.07910660776403,2.6834081639127274,37.600330128869885,11152.561617380949,1.471779518013281,LOW,Maintain current production plan and continue monitoring.
2055-08-01,9896.010624339511,9327.628360911896,10168.646418507313,241.94017260793777,58.80465673367458,0.5886110964088168,40.873680142360094,19.299722725633988,80.70027727436602,5.1916271015130135,42.350792893496205,149.12151839472244,0.0,Low,10168.646418507313,58.80465673367458,40.873680142360094,19.299722725633988,80.70027727436602,5.1916271015130135,42.350792893496205,10019.52490011259,1.4664834655211905,LOW,Maintain current production plan and continue monitoring.
2055-09-01,9560.55502311744,7613.799475182073,9262.556504306142,143.85011830001054,60.00286450144983,0.5903955490243951,44.36726490121379,26.329339565404112,73.67066043459589,12.366280587211037,49.97835319978393,0.0,3.1169583574461703,Low,9262.556504306142,60.00286450144983,44.36726490121379,26.329339565404112,73.67066043459589,12.366280587211037,49.97835319978393,9393.219447772299,0.0,NO SHORTFALL,Continue current production schedule and routine monitoring.
2055-10-01,10765.88596273684,10200.44181073736,11456.106285946798,93.3464893673218,42.32013006691834,0.3925297019745493,23.38648841986727,17.977072905887233,82.02292709411276,14.977599170544607,49.12496694951652,84.2256764148351,0.0,Low,11456.106285946798,42.32013006691834,23.38648841986727,17.977072905887233,82.02292709411276,14.977599170544607,49.12496694951652,11371.880609531963,0.7352033432000776,LOW,Maintain current production plan and continue monitoring.
2055-11-01,8777.993705765379,8465.696837122256,9543.996649438855,149.31222423848703,74.46961647676031,0.7620997913277199,25.78688034413245,2.850837671511432,97.14916232848856,19.968602716466044,50.992695506191005,0.0,0.0,Low,9543.996649438855,74.46961647676031,25.78688034413245,2.850837671511432,97.14916232848856,19.968602716466044,50.992695506191005,9667.488335726242,0.0,NO SHORTFALL,Continue current production schedule and routine monitoring.
2055-12-01,9731.562760727147,8340.98484887324,8969.906825138056,43.40720832296692,58.62167990772998,0.2587820709539076,41.71023809867335,28.066563474195377,71.93343652580462,18.729153295527595,26.78851976033977,0.0,7.826655947417227,Medium,8969.906825138056,58.62167990772998,41.71023809867335,28.066563474195377,71.93343652580462,18.729153295527595,26.78851976033977,9748.135434020907,0.0,NO SHORTFALL,Continue current production schedule and routine monitoring.
2056-01-01,8528.384111918547,8816.211968489932,8685.649002818958,116.5704998085287,61.02867431590715,0.4752336400401143,43.16159494890462,21.30674902888371,78.69325097111629,13.208738791168638,45.76151659119235,0.0,0.0,Low,8685.649002818958,61.02867431590715,43.16159494890462,21.30674902888371,78.69325097111629,13.208738791168638,45.76151659119235,8726.73436270162,0.0,NO SHORTFALL,Continue current production schedule and routine monitoring.
2056-02-01,9671.651604985316,7164.380883712693,9539.471926248172,160.29623714105531,70.31836326511416,0.5990745847580348,30.49068457017026,20.942374801762902,79.0576251982371,9.003713012587369,29.199621301652886,0.0,1.3666712174476092,Low,9539.471926248172,70.31836326511416,30.49068457017026,20.942374801762902,79.0576251982371,9.003713012587369,29.199621301652886,9556.45023480162,0.0,NO SHORTFALL,Continue current production schedule and routine monitoring.
2056-03-01,8640.758189204593,7581.991790646278,9413.600977401133,127.33547963018832,29.18501125395337,0.603138273829676,21.26556180672685,8.03890426713608,91.96109573286392,13.087369929456422,37.47455704055233,0.0,0.0,Low,9413.600977401133,29.18501125395337,21.26556180672685,8.03890426713608,91.96109573286392,13.087369929456422,37.47455704055233,9416.570470769338,0.0,NO SHORTFALL,Continue current production schedule and routine monitoring.
2056-04-01,8797.04479067018,9583.117657492296,8736.794494772492,106.42691215703782,66.49496327066922,0.5716153218997301,20.984795842320484,20.4487931665144,79.5512068334856,15.927380743524408,41.457652451640655,0.0,0.6848924534473975,Low,8736.794494772492,66.49496327066922,20.984795842320484,20.4487931665144,79.5512068334856,15.927380743524408,41.457652451640655,8853.556763372058,0.0,NO SHORTFALL,Continue current production schedule and routine monitoring.
2056-05-01,8793.815616942762,7289.795337737943,9057.56980997146,248.5236133359276,23.66684220695444,0.3289373387437091,34.348746651725264,13.028203358316436,86.97179664168357,3.248387627544359,37.08218454240493,0.0,0.0,Low,9057.56980997146,23.66684220695444,34.348746651725264,13.028203358316436,86.97179664168357,3.248387627544359,37.08218454240493,9205.560961266965,0.0,NO SHORTFALL,Continue current production schedule and routine monitoring.
2056-06-01,10123.025755290158,9111.03238313236,10176.899780834692,221.27554291574248,34.17393665714215,0.2515342696463042,29.82237772232948,20.234523357161777,79.76547664283822,8.788192904229476,40.588350274090224,122.38532490508442,0.0,Low,10176.899780834692,34.17393665714215,29.82237772232948,20.234523357161777,79.76547664283822,8.788192904229476,40.588350274090224,10054.514455929608,1.2025796415482297,LOW,Maintain current production plan and continue monitoring.
2056-07-01,10365.11219816356,7858.721883884624,11532.232007391292,159.61742995826563,33.49273179888899,0.563361212437362,20.716310689441364,4.98460484862374,95.01539515137624,16.95624342707673,54.89578926395858,8.946001455791702,0.0,Low,11532.232007391292,33.49273179888899,20.716310689441364,4.98460484862374,95.01539515137624,16.95624342707673,54.89578926395858,11523.2860059355,0.07757389419548608,LOW,Maintain current production plan and continue monitoring.
2056-08-01,9958.4219127429,8362.534649146917,9799.453283633053,146.65056668374783,78.49678278723984,0.5395463754906346,34.58130980781392,20.41966852888501,79.58033147111499,8.292826086727835,29.056519411385644,9.657617330722132,1.5963234988711223,Low,9799.453283633053,78.49678278723984,34.58130980781392,20.41966852888501,79.58033147111499,8.292826086727835,29.056519411385644,9789.79566630233,0.09855261361215106,LOW,Maintain current production plan and continue monitoring.
2056-09-01,10905.431371186354,8010.42807869745,10384.283322597514,158.95851515790017,69.95760566235488,0.2665814066880066,20.28256341472556,29.983584321578665,70.01641567842134,11.865573153316545,45.26368136009277,0.0,4.7787935282027005,Low,10384.283322597514,69.95760566235488,20.28256341472556,29.983584321578665,70.01641567842134,11.865573153316545,45.26368136009277,10516.675005907498,0.0,NO SHORTFALL,Continue current production schedule and routine monitoring.
2056-10-01,9437.17644880926,8244.854507627322,10863.987719398196,58.31490587738398,59.08189031131818,0.6083404446208662,39.68429895373183,3.349937088095569,96.65006291190444,12.167617856381764,36.88002899156846,290.9087024535329,0.0,Low,10863.987719398196,59.08189031131818,39.68429895373183,3.349937088095569,96.65006291190444,12.167617856381764,36.88002899156846,10573.079016944663,2.6777340877705598,LOW,Maintain current production plan and continue monitoring.
2056-11-01,9214.280215704652,9516.66066814486,8815.305567911426,104.83305838343648,60.89397331307731,0.4458617946268767,27.660820567584288,29.360877158196885,70.63912284180311,4.505048809539147,28.990293967219863,0.0,4.329960001793961,Low,8815.305567911426,60.89397331307731,27.660820567584288,29.360877158196885,70.63912284180311,4.505048809539147,28.990293967219863,9036.555941441215,0.0,NO SHORTFALL,Continue current production schedule and routine monitoring.
2056-12-01,10671.49782047365,8039.926004681112,11426.249931538716,19.47028789381584,49.345095608179975,0.5840443845420494,21.0064500752308,13.393422900240378,86.60657709975962,7.882473391393479,29.762102901229284,28.021285576105583,0.0,Low,11426.249931538716,49.345095608179975,21.0064500752308,13.393422900240378,86.60657709975962,7.882473391393479,29.762102901229284,11398.22864596261,0.24523606383544333,LOW,Maintain current production plan and continue monitoring.
2057-01-01,9058.989596298632,8982.41624103914,9678.703485848057,124.1310489968384,76.29634669759633,0.6942886018505979,34.708805524578835,26.38109660944325,73.61890339055674,7.35571448609671,53.4781931873685,192.18525749430228,0.0,Low,9678.703485848057,76.29634669759633,34.708805524578835,26.38109660944325,73.61890339055674,7.35571448609671,53.4781931873685,9486.518228353754,1.9856508444060763,LOW,Maintain current production plan and continue monitoring.
2057-02-01,10908.056348601527,8666.176407696848,11232.98739048547,140.32590014983916,44.73811270176531,0.260323478575,29.94211036082637,23.90679355363166,76.09320644636834,1.4977374621092312,51.388044901352856,81.00432841598922,0.0,Low,11232.98739048547,44.73811270176531,29.94211036082637,23.90679355363166,76.09320644636834,1.4977374621092312,51.388044901352856,11151.983062069481,0.7211289891111358,LOW,Maintain current production plan and continue monitoring.
2057-03-01,8530.386186724541,9322.849078769268,9452.749683875529,64.6599366647703,36.636239690892616,0.1624441641979438,44.34501033392874,17.8764553076267,82.1235446923733,1.4596435139357498,52.21125881245065,56.683383838091686,0.0,Low,9452.749683875529,36.636239690892616,44.34501033392874,17.8764553076267,82.1235446923733,1.4596435139357498,52.21125881245065,9396.066300037437,0.5996496864270301,LOW,Maintain current production plan and continue monitoring.
2057-04-01,10924.697066769098,10278.904087636653,10984.026593618364,241.3669233197233,21.41247358521137,0.6564166811572615,33.60496656259255,22.676577859037145,77.32342214096286,16.802243829839696,54.7459832748216,64.40624413429396,0.0,Low,10984.026593618364,21.41247358521137,33.60496656259255,22.676577859037145,77.32342214096286,16.802243829839696,54.7459832748216,10919.62034948407,0.5863627840423611,LOW,Maintain current production plan and continue monitoring.
2057-05-01,8607.89977987644,9564.002340235877,7988.439121558194,228.26910662493808,65.03439565827406,0.5463033263492003,26.88097952592521,26.59843571643774,73.40156428356227,6.188345389483436,31.249461700255537,0.0,7.196420429596798,Medium,7988.439121558194,65.03439565827406,26.88097952592521,26.59843571643774,73.40156428356227,6.188345389483436,31.249461700255537,8427.138623673702,0.0,NO SHORTFALL,Continue current production schedule and routine monitoring.
2057-06-01,10727.857784245178,7752.291325067648,10990.947187890724,183.3143765094174,61.4110752452914,0.6047657202543791,37.735971615849365,13.315929006228924,86.68407099377107,10.843496558537494,35.66318012092185,0.0,0.0,Low,10990.947187890724,61.4110752452914,37.735971615849365,13.315929006228924,86.68407099377107,10.843496558537494,35.66318012092185,11096.494962631215,0.0,NO SHORTFALL,Continue current production schedule and routine monitoring.
2057-07-01,9819.25277271575,7109.1409727144965,10633.87326093031,138.012790903687,36.904852696689446,0.6948007337426177,26.787300063567784,11.156928523770684,88.84307147622931,6.675785898186688,45.076570897746,0.0,0.0,Low,10633.87326093031,36.904852696689446,26.787300063567784,11.156928523770684,88.84307147622931,6.675785898186688,45.076570897746,10671.968166722767,0.0,NO SHORTFALL,Continue current production schedule and routine monitoring.
2057-08-01,10982.411990298251,7917.924155049388,10506.625856748882,218.7925983154444,11.763538977146055,0.6718271076359253,42.60608228518913,20.69261479578037,79.30738520421963,18.87290565719147,39.51407619581941,0.0,4.332255373133639,Low,10506.625856748882,11.763538977146055,42.60608228518913,20.69261479578037,79.30738520421963,18.87290565719147,39.51407619581941,10751.550036122464,0.0,NO SHORTFALL,Continue current production schedule and routine monitoring.
2057-09-01,8684.491411838497,9082.772757450892,9234.66064277623,41.3565625176311,68.72981294026076,0.774598095503736,29.36804926268441,24.61968637435524,75.38031362564476,5.926638418449701,37.55168600135001,137.4498083403705,0.0,Low,9234.66064277623,68.72981294026076,29.36804926268441,24.61968637435524,75.38031362564476,5.926638418449701,37.55168600135001,9097.21083443586,1.4884121210007861,LOW,Maintain current production plan and continue monitoring.
2057-10-01,9884.635711003302,7179.990347194876,9666.753124062196,199.7223506259724,10.799258841785154,0.4983578012538768,33.74671406940513,23.34398377374524,76.65601622625476,9.163479442039767,35.73433748006779,0.0,2.2042551016681773,Low,9666.753124062196,10.799258841785154,33.74671406940513,23.34398377374524,76.65601622625476,9.163479442039767,35.73433748006779,9674.077085642504,0.0,NO SHORTFALL,Continue current production schedule and routine monitoring.
2057-11-01,10923.256339047748,8737.281865204328,11091.209553833578,39.95699535204359,59.25898457403357,0.4675221612289385,21.26432759560572,24.338782168041767,75.66121783195823,17.581874759207434,42.813418958303565,93.8318747307494,0.0,Low,11091.209553833578,59.25898457403357,21.26432759560572,24.338782168041767,75.66121783195823,17.581874759207434,42.813418958303565,10997.377679102829,0.8460021810544301,LOW,Maintain current production plan and continue monitoring.
2057-12-01,9807.744610425372,9088.949971209113,9815.366655814854,200.6105590118573,77.91799768082399,0.4112266799289745,30.65303094880577,14.196332814762124,85.80366718523787,16.996737769044366,42.26780285920246,0.0,0.0,Low,9815.366655814854,77.91799768082399,30.65303094880577,14.196332814762124,85.80366718523787,16.996737769044366,42.26780285920246,9995.139957910402,0.0,NO SHORTFALL,Continue current production schedule and routine monitoring.
2058-01-01,10073.496595338156,8169.853617859363,9899.439941954884,76.18421638032567,40.63629297037424,0.2498991778487329,40.80908849152488,24.89935805290061,75.10064194709939,4.535926939079269,29.8437350219272,0.0,1.727867297476649,Low,9899.439941954884,40.63629297037424,40.80908849152488,24.89935805290061,75.10064194709939,4.535926939079269,29.8437350219272,10079.528335366042,0.0,NO SHORTFALL,Continue current production schedule and routine monitoring.
2058-02-01,10239.371722461545,9698.192713110377,10508.91264431208,220.5017394443653,26.448138349716693,0.5221947013733146,40.14122013408355,5.365853550377036,94.63414644962296,16.2502228861185,39.15219512555317,0.0,0.0,Low,10508.91264431208,26.448138349716693,40.14122013408355,5.365853550377036,94.63414644962296,16.2502228861185,39.15219512555317,10705.828922498744,0.0,NO SHORTFALL,Continue current production schedule and routine monitoring.
2058-03-01,9636.352661919433,7373.093885968201,9587.820709174894,236.57010251809547,59.34097070303672,0.3300581408118862,25.60796397133816,17.245694742903787,82.7543052570962,9.70555084801996,41.6041532862955,0.0,0.50363404544466,Low,9587.820709174894,59.34097070303672,25.60796397133816,17.245694742903787,82.7543052570962,9.70555084801996,41.6041532862955,9676.42766812342,0.0,NO SHORTFALL,Continue current production schedule and routine monitoring.
2058-04-01,10068.895200210158,7262.982236075331,11798.799318993186,45.71103265722776,67.19896994109095,0.7488498829384341,25.651976775264067,2.161242493947404,97.8387575060526,10.17640856962175,42.10860816194172,351.83566366574814,0.0,Low,11798.799318993186,67.19896994109095,25.651976775264067,2.161242493947404,97.8387575060526,10.17640856962175,42.10860816194172,11446.963655327438,2.981961589086261,LOW,Maintain current production plan and continue monitoring.
2058-05-01,9960.785779807751,9548.660646712611,10912.881162942138,121.04214521569445,48.25012212544931,0.5290740227801134,40.43263280533092,11.088403237207569,88.91159676279243,3.536119475902932,31.303215787370554,25.069050767760928,0.0,Low,10912.881162942138,48.25012212544931,40.43263280533092,11.088403237207569,88.91159676279243,3.536119475902932,31.303215787370554,10887.812112174377,0.22971981819879228,LOW,Maintain current production plan and continue monitoring.
2058-06-01,10752.895026227472,8734.219606721694,11540.733494871189,245.4369707590444,77.69246926793024,0.5353461173302716,43.259960504233135,12.26092297639914,87.73907702360086,2.5314287613853685,47.26814176756861,0.0,0.0,Low,11540.733494871189,77.69246926793024,43.259960504233135,12.26092297639914,87.73907702360086,2.5314287613853685,47.26814176756861,11542.230001972213,0.0,NO SHORTFALL,Continue current production schedule and routine monitoring.
2058-07-01,8613.615950853644,9409.408387497077,8802.659027749645,126.01778463355518,13.616810516057278,0.3807010295700565,22.384023031825087,13.092835365059152,86.90716463494084,14.83084683250154,25.75597284463209,0.0,0.0,Low,8802.659027749645,13.616810516057278,22.384023031825087,13.092835365059152,86.90716463494084,14.83084683250154,25.75597284463209,8894.978221674013,0.0,NO SHORTFALL,Continue current production schedule and routine monitoring.
2058-08-01,9202.407973980577,8521.895685113112,8846.58878337963,217.2514054034908,45.33569188131697,0.1837930787855098,31.25146598565563,21.47308178731614,78.52691821268385,10.432761894750696,35.64495566629488,0.0,3.86658787142464,Low,8846.58878337963,45.33569188131697,31.25146598565563,21.47308178731614,78.52691821268385,10.432761894750696,35.64495566629488,8888.522670462378,0.0,NO SHORTFALL,Continue current production schedule and routine monitoring.
2058-09-01,10876.028710191396,7862.4071163368735,11719.2134809557,151.29556531151675,60.291776312578506,0.1706334474924426,28.436356974105724,12.87962683556968,87.12037316443032,9.300163349688413,48.40637945606901,85.57353602847797,0.0,Low,11719.2134809557,60.291776312578506,28.436356974105724,12.87962683556968,87.12037316443032,9.300163349688413,48.40637945606901,11633.639944927221,0.7301986278135405,LOW,Maintain current production plan and continue monitoring.
2058-10-01,10725.65945972729,9866.8581118597,11443.94774197182,100.07917790070444,70.38483298044252,0.4251678436995784,41.76721138643599,14.563421433430856,85.43657856656914,14.860656344395538,41.91678763166208,61.67919031585552,0.0,Low,11443.94774197182,70.38483298044252,41.76721138643599,14.563421433430856,85.43657856656914,14.860656344395538,41.91678763166208,11382.268551655965,0.5389677732417542,LOW,Maintain current production plan and continue monitoring.
2058-11-01,9639.141881964282,9797.955576391429,10182.6703823854,78.58805332620885,22.547892833545305,0.2049674957632046,22.088122867000468,8.651235664481169,91.34876433551884,15.544745080831085,32.83487297532581,0.0,0.0,Low,10182.6703823854,22.547892833545305,22.088122867000468,8.651235664481169,91.34876433551884,15.544745080831085,32.83487297532581,10592.043960345112,0.0,NO SHORTFALL,Continue current production schedule and routine monitoring.
2058-12-01,10050.331494503842,9431.437647990491,11411.654652069996,58.77354186066094,66.0002437234577,0.5444505211010905,25.278148563950936,12.451050165621522,87.54894983437848,4.019255185717718,45.84859358029144,247.98911489510647,0.0,Low,11411.654652069996,66.0002437234577,25.278148563950936,12.451050165621522,87.54894983437848,4.019255185717718,45.84859358029144,11163.66553717489,2.17312144869476,LOW,Maintain current production plan and continue monitoring.
2059-01-01,9193.452957452831,7952.507980304869,10035.288750541557,192.83156593064732,48.68949530029817,0.7226324536657773,38.811708439662354,8.363549563368242,91.63645043663176,12.594277840075184,42.0217283246822,0.0,0.0,Low,10035.288750541557,48.68949530029817,38.811708439662354,8.363549563368242,91.63645043663176,12.594277840075184,42.0217283246822,10116.74887184271,0.0,NO SHORTFALL,Continue current production schedule and routine monitoring.
2059-02-01,8970.302899309403,9065.807334041803,10695.073690604506,102.76972163752669,37.75875773929742,0.7238946307371694,21.28234622453039,4.049485865516422,95.95051413448358,3.571727563276025,48.88730828369162,106.04571382492577,0.0,Low,10695.073690604506,37.75875773929742,21.28234622453039,4.049485865516422,95.95051413448358,3.571727563276025,48.88730828369162,10589.02797677958,0.9915379444097301,LOW,Maintain current production plan and continue monitoring.
2059-03-01,9659.246012349957,8263.408639290094,10030.52434205631,132.7061109281803,19.220052000536548,0.5783795165859511,32.31338451785723,18.89656061467858,81.10343938532142,15.276126634551868,47.0507555856947,173.47951627623115,0.0,Low,10030.52434205631,19.220052000536548,32.31338451785723,18.89656061467858,81.10343938532142,15.276126634551868,47.0507555856947,9857.044825780078,1.7295159291808964,LOW,Maintain current production plan and continue monitoring.
2059-04-01,9383.380570065132,7320.53725664322,9893.109639925806,128.15811520028365,70.57070312362387,0.2873006904574051,31.052675866993,20.70995835954045,79.29004164045955,13.482147969075651,43.30323766108704,469.3170775201106,0.0,Low,9893.109639925806,70.57070312362387,31.052675866993,20.70995835954045,79.29004164045955,13.482147969075651,43.30323766108704,9423.792562405695,4.743878260745024,LOW,Maintain current production plan and continue monitoring.
2059-05-01,9959.14027962718,10210.59751411785,9909.581398438835,148.5469670159515,21.009124572580077,0.7109479403832669,28.360029474718715,19.34572968826921,80.6542703117308,19.175677800585703,39.645330259324425,0.0,0.4976220817947922,Low,9909.581398438835,21.009124572580077,28.360029474718715,19.34572968826921,80.6542703117308,19.175677800585703,39.645330259324425,10024.186643455958,0.0,NO SHORTFALL,Continue current production schedule and routine monitoring.
2059-06-01,8694.336592412463,7478.865208216365,8974.486385583816,217.73851494989253,31.685150144636943,0.7259607329535853,29.86430788297309,14.977833226416026,85.02216677358398,2.310202310772002,28.9954637700257,0.0,0.0,Low,8974.486385583816,31.685150144636943,29.86430788297309,14.977833226416026,85.02216677358398,2.310202310772002,28.9954637700257,9109.89026173873,0.0,NO SHORTFALL,Continue current production schedule and routine monitoring.
2059-07-01,10935.987019165415,10325.830738372808,11357.553923767073,245.37744246002305,30.30318723737058,0.2778248302194231,33.248514673255826,12.634001845018435,87.36599815498157,2.084039701873832,32.839990536561515,49.73736156222367,0.0,Low,11357.553923767073,30.30318723737058,33.248514673255826,12.634001845018435,87.36599815498157,2.084039701873832,32.839990536561515,11307.81656220485,0.43792318219279724,LOW,Maintain current production plan and continue monitoring.
2059-08-01,10965.526861199009,8561.020205352845,10965.054557855943,107.82021005771608,70.9989823933598,0.6293269557509402,24.03418395970958,26.173342188011105,73.8266578119889,6.361554419170803,37.57298418751256,72.04639249206411,0.0043071650732359,Low,10965.054557855943,70.9989823933598,24.03418395970958,26.173342188011105,73.8266578119889,6.361554419170803,37.57298418751256,10893.008165363879,0.6570545738000572,LOW,Maintain current production plan and continue monitoring.
